Price,Close,High,Low,Open,Volume,Year,Month,Day
Ticker,GS,GS,GS,GS,GS,,,
Date,,,,,,,,
2023-01-03,326.03045654296875,328.2716733293531,322.81930453889373,325.35244162219675,1589700,2023,1,3
2023-01-04,327.4241638183594,329.8819499596054,324.9569228850027,327.7349074873329,1881000,2023,1,4
2023-01-05,323.71392822265625,325.01345925852706,320.30503013607967,324.1753450805055,1397800,2023,1,5
2023-01-06,327.7820129394531,328.6483766055856,321.0678166633107,327.04749909254696,3097800,2023,1,6
2023-01-09,332.41510009765625,335.71100052355365,329.1191996717588,331.36041655944445,1989000,2023,1,9
2023-01-10,336.5208435058594,336.6526933198474,330.06089233176647,332.0761138566348,1610100,2023,1,10
2023-01-11,343.22564697265625,344.1861561324732,335.43788709960177,337.94277474873917,2127000,2023,1,11
2023-01-12,348.36724853515625,348.5179217123113,341.4270287596568,344.8829995661248,2103100,2023,1,12
2023-01-13,352.19049072265625,352.5200865016752,341.229254169041,342.29336372571674,3310200,2023,1,13
2023-01-17,329.5147399902344,345.4009763910128,323.93994686460064,343.5270019240153,14448300,2023,1,17
2023-01-18,328.7331237792969,334.1007448456532,327.51834093497934,328.0080359899146,5585200,2023,1,18
2023-01-19,330.29632568359375,331.6241062361102,325.37129813671135,325.8515671364225,3100400,2023,1,19
2023-01-20,321.9058532714844,331.7088053757147,318.48752940154617,329.46758869305717,11247200,2023,1,20
2023-01-23,328.7801818847656,329.17567381292145,316.55709030573706,321.7457880685907,4915700,2023,1,23
2023-01-24,328.01739501953125,329.8725171551797,320.1731651188265,320.1731651188265,2372000,2023,1,24
2023-01-25,329.2416076660156,329.5523513323018,323.8457377385621,324.64617640841027,1985200,2023,1,25
2023-01-26,334.27020263671875,334.29845206061356,329.13800363806524,331.2191499042031,1919200,2023,1,26
2023-01-27,333.07427978515625,335.2307195811914,331.3133031948734,331.42632963104984,2427400,2023,1,27
2023-01-30,336.6150207519531,341.2010263095569,331.85009258122966,332.68820679405053,3184500,2023,1,30
2023-01-31,344.47808837890625,344.5816887631107,336.0499887735854,338.2158834077985,2311500,2023,1,31
2023-02-01,344.3838806152344,347.4255358718372,337.83918202798594,338.15935172794923,2889400,2023,2,1
2023-02-02,347.9246826171875,351.14526096579397,343.29157545108166,346.5404032265192,2619600,2023,2,2
2023-02-03,348.37664794921875,352.72723143174295,344.12963610296043,344.29913263755975,2243100,2023,2,3
2023-02-06,349.1770935058594,349.6102896780519,344.44984099525794,347.4820705107514,1816200,2023,2,6
2023-02-07,352.5671691894531,354.36579257425365,345.9188695252014,346.70048485777534,2205500,2023,2,7
2023-02-08,353.226318359375,356.28679694105534,350.28826351903666,351.17345039246777,1893200,2023,2,8
2023-02-09,346.5309143066406,357.5392225263487,346.35199172317834,355.0531872022926,2052500,2023,2,9
2023-02-10,349.62908935546875,350.52370232657677,343.3009598710181,345.5986754345249,1933400,2023,2,10
2023-02-13,352.2092590332031,353.18862016296816,346.54032172457204,347.56675564199384,1570600,2023,2,13
2023-02-14,350.0999450683594,355.0626188815159,347.8399048992206,352.1339898419752,2155500,2023,2,14
2023-02-15,352.5106506347656,352.5389000585826,346.7757876961674,347.2372045311676,1687200,2023,2,15
2023-02-16,348.61212158203125,352.4259378714229,347.2937383698232,349.13003731684717,1947800,2023,2,16
2023-02-17,347.01116943359375,349.4218824500246,345.4667911403983,346.5873993868602,1857300,2023,2,17
2023-02-21,340.0615234375,345.33496891980525,339.0915883500984,345.33496891980525,2403000,2023,2,21
2023-02-22,339.844970703125,341.8319137630052,337.1611606739212,340.5418089344813,2203800,2023,2,22
2023-02-23,342.3404235839844,346.4273360275781,338.63957698364857,342.02025389813235,1931400,2023,2,23
2023-02-24,342.6324157714844,343.8848453566288,338.5643258420686,339.16701860404396,2428600,2023,2,24
2023-02-27,344.2143859863281,348.70621660210736,343.253876881121,346.74752291561595,2842400,2023,2,27
2023-02-28,331.1437683105469,344.6663898104531,330.8424219915705,344.6569637573705,4945600,2023,2,28
2023-03-01,328.3743896484375,334.35897079749384,328.11829544529553,331.3714269961704,2717400,2023,3,1
2023-03-02,331.09637451171875,331.7412989050427,322.93039058470754,326.2498901279055,3259800,2023,3,2
2023-03-03,338.67431640625,339.31924081464354,331.5326512370438,332.5569701856592,2396200,2023,3,3
2023-03-06,338.6363830566406,340.35303631959755,335.48762244588653,339.5943050999861,1614200,2023,3,6
2023-03-07,328.232177734375,337.830300080965,327.80540220386064,337.21379829731245,2048500,2023,3,7
2023-03-08,331.2765808105469,331.65594640111857,327.36906023455396,328.3364468320726,1584600,2023,3,8
2023-03-09,324.4478759765625,336.01871432270855,323.4615023117094,331.19121711952835,3177800,2023,3,9
2023-03-10,310.7715759277344,322.3992895286835,309.21613931176864,321.39395764518974,4559700,2023,3,10
2023-03-13,299.23870849609375,309.29202822050536,298.318731622021,303.184174835223,5660700,2023,3,13
2023-03-14,305.53619384765625,309.54805627566475,302.5012404275054,308.0210715480176,3785900,2023,3,14
2023-03-15,296.08990478515625,296.39340886093544,288.7111319872574,294.74312353872466,6596700,2023,3,15
2023-03-16,298.84033203125,301.9037665002509,289.1948304128358,293.0644059503321,4399100,2023,3,16
2023-03-17,287.8860168457031,294.39222295654906,286.30212839523506,294.098212414732,6369800,2023,3,17
2023-03-20,293.56707763671875,296.0993945117292,290.465726806642,290.95889921561326,3963700,2023,3,20
2023-03-21,300.9173889160156,303.8006196180449,299.08692888431625,301.239851128045,3242400,2023,3,21
2023-03-22,297.49359130859375,305.6026437053442,297.32285217504995,300.91740442694646,2505900,2023,3,22
2023-03-23,298.61273193359375,304.7869820539865,296.5167129621544,298.95415231537015,2585900,2023,3,23
2023-03-24,296.4503479003906,296.62105810963834,289.61215654460153,294.1551378489946,2456700,2023,3,24
2023-03-27,302.1029357910156,304.35070675593755,300.81308689479135,302.18829088470034,2300600,2023,3,27
2023-03-28,302.0175476074219,304.0756210650617,299.8171867321555,302.6340202900966,1224300,2023,3,28
2023-03-29,304.17999267578125,306.06735614738625,302.2451904124642,305.8681942646707,1475900,2023,3,29
2023-03-30,304.5783386230469,308.1159583603816,303.38330946580214,307.8219478445104,1456300,2023,3,30
2023-03-31,310.24041748046875,310.44907289795407,305.7923146625241,306.7881529610399,2281100,2023,3,31
2023-04-03,309.680908203125,312.01406349016605,306.4847083267155,309.3205296337298,1808800,2023,4,3
2023-04-04,306.0104675292969,310.01283718976515,303.61094444252575,309.96542733950486,1536800,2023,4,4
2023-04-05,304.9482116699219,305.5836714943804,302.89960265533074,303.1367097781713,1329300,2023,4,5
2023-04-06,305.77337646484375,306.5605884154945,303.47819544922845,303.85756110248167,1311000,2023,4,6
2023-04-10,308.2013244628906,308.2297761608063,304.73956614568726,305.7733497616129,1114400,2023,4,10
2023-04-11,310.487060546875,312.2227010620442,306.97789215646,309.2351278709732,1559600,2023,4,11
2023-04-12,313.2090148925781,314.9446552356503,310.30682603222647,314.61269947580814,1862400,2023,4,12
2023-04-13,315.00152587890625,315.76975055949555,310.1360836060157,313.0572303126872,1765500,2023,4,13
2023-04-14,319.5445251464844,322.11475813399346,317.0786053951661,319.174624159104,2275700,2023,4,14
2023-04-17,322.1622009277344,322.89250943071886,316.471629662881,318.6719908317891,3012100,2023,4,17
2023-04-18,316.68975830078125,319.1935944457018,309.3109858591831,311.0845424917811,7549500,2023,4,18
2023-04-19,319.5160827636719,319.61090245615844,314.565284967539,315.80772395400953,2625400,2023,4,19
2023-04-20,321.24224853515625,321.81131149370714,317.07866196018523,317.67617661947645,2217900,2023,4,20
2023-04-21,324.0400695800781,324.70395213268586,318.6719610486878,321.51724641519394,2278900,2023,4,21
2023-04-24,326.22149658203125,327.2647738417503,323.9168220062957,324.35309106263486,1966300,2023,4,24
2023-04-25,321.9725341796875,325.75675482755844,320.88181819352855,323.4141351541759,2138200,2023,4,25
2023-04-26,319.2030944824219,323.03475373672757,317.38212796613664,320.1704811352146,2041900,2023,4,26
2023-04-27,323.9831848144531,325.65239931035916,321.2896513192214,322.59848729405917,1768200,2023,4,27
2023-04-28,325.7283020019531,326.35426831527053,322.1811885035636,322.5131153395151,1712500,2023,4,28
2023-05-01,323.0063171386719,329.5409747755498,322.81661985180995,326.30682995762766,1375000,2023,5,1
2023-05-02,316.1775817871094,322.36135368856884,312.98138260184027,321.52673203729904,2397600,2023,5,2
2023-05-03,311.7010498046875,317.5623315347977,311.321684158057,315.2197117635814,1825400,2023,5,3
2023-05-04,304.692138671875,310.11715066267107,302.13137023262635,309.1402704990854,2965100,2023,5,4
2023-05-05,310.15509033203125,310.9612603787425,305.79234220863765,308.29617850027057,2412900,2023,5,5
2023-05-08,309.67138671875,313.2659097540578,308.874710283072,312.63997243896347,1607300,2023,5,8
2023-05-09,308.0210876464844,310.30680361269606,306.6268967108694,308.2771818439624,1253300,2023,5,9
2023-05-10,305.91558837890625,312.90553044603814,302.6245404629836,312.90553044603814,1752200,2023,5,10
2023-05-11,304.17999267578125,305.33707661493526,301.7709761577903,303.17466077137186,1515200,2023,5,11
2023-05-12,303.0229187011719,306.5510740297145,300.955351429302,305.43193529838044,1098800,2023,5,12
2023-05-15,305.46044921875,306.57958817805127,301.6572407344955,303.895547596846,1178200,2023,5,15
2023-05-16,304.2653503417969,306.4088080530491,303.97133981691167,305.86819685165057,1618900,2023,5,16
2023-05-17,313.152099609375,313.351290423962,306.019928063829,306.019928063829,2098100,2023,5,17
2023-05-18,312.5830078125,313.5504232688257,308.8651848300612,312.9813604610582,1645400,2023,5,18
2023-05-19,309.3299560546875,314.8308588377404,308.0401071602939,312.9814116459721,1545600,2023,5,19
2023-05-22,308.1634216308594,310.4586025463551,305.80181482566826,309.32997024013247,1498900,2023,5,22
2023-05-23,306.8829650878906,310.26886121003633,306.16215028710144,306.9114167803567,1550900,2023,5,23
2023-05-24,303.3169250488281,305.2991371979532,302.3590029741046,303.8670298032455,1439100,2023,5,24
2023-05-25,307.17706298828125,308.4100086043876,302.3590294386242,302.4728651846251,1618500,2023,5,25
2023-05-26,314.88775634765625,315.70339096673456,307.2908347813426,307.97370446082857,2718700,2023,5,26
2023-05-30,313.7685852050781,315.3809252186248,310.8284800355081,314.95412081982107,1998600,2023,5,30
2023-05-31,309.5350646972656,312.736498397568,307.5473253013166,311.6088382675188,2938000,2023,5,31
2023-06-01,302.3677062988281,310.28048849651736,300.0932542404268,310.11804430041934,3339700,2023,6,1
2023-06-02,309.2961730957031,310.84432171189025,302.98887611216423,304.12610215277164,3987700,2023,6,2
2023-06-05,307.5377197265625,309.14320470399247,306.1138105796408,308.6080430448491,1462900,2023,6,5
2023-06-06,312.3064270019531,313.52012123953875,307.1459225263172,308.13024091858824,1495600,2023,6,6
2023-06-07,320.85955810546875,322.856863545283,311.84778362180833,313.1092488987847,3382700,2023,6,7
2023-06-08,320.5919189453125,321.4137639780101,316.64507962788787,320.4867822759415,2009500,2023,6,8
2023-06-09,321.1175537109375,321.28959290310723,317.7919098456216,320.3434794206224,1702100,2023,6,9
2023-06-12,324.4336242675781,325.00702012709036,321.4328982932597,323.43020338652536,2290800,2023,6,12
2023-06-13,327.31011962890625,329.9668254187453,324.39539884238565,325.11213633062414,1772400,2023,6,13
2023-06-14,323.4111328125,332.30823327180656,322.2739068141711,329.4890536966293,1819400,2023,6,14
2023-06-15,324.67254638671875,328.74362502919354,320.8117410909418,322.35988954255174,3322700,2023,6,15
2023-06-16,323.3060302734375,326.2589860145396,322.1592383200967,326.23988350883184,4542800,2023,6,16
2023-06-20,316.0525817871094,320.50591446463375,314.6286725627697,320.4485777954741,3208100,2023,6,20
2023-06-21,310.6531982421875,315.3645464365304,310.50985655390554,313.8833003840706,2158700,2023,6,21
2023-06-22,305.4066162109375,309.8790804055919,304.8619178720274,309.33435290255807,2409100,2023,6,22
2023-06-23,300.7526550292969,303.61960552208626,300.1410540895153,302.52061366600935,2609200,2023,6,23
2023-06-26,298.5068359375,302.5970461534212,298.3252892588015,301.15400524386257,2481000,2023,6,26
2023-06-27,299.5485534667969,301.6796346525014,296.7867105134601,298.554669137264,2156800,2023,6,27
2023-06-28,299.7492370605469,300.93423394372246,296.9109548773531,297.89527338995543,2423500,2023,6,28
2023-06-29,308.760986328125,311.0641065615013,302.2243431645923,303.7533891525586,3553600,2023,6,29
2023-06-30,308.2353820800781,311.570591495497,308.14937707337936,311.36991314653324,2361200,2023,6,30
2023-07-03,312.1248474121094,314.7911192054376,308.11113471883965,308.11113471883965,1106800,2023,7,3
2023-07-05,305.85577392578125,310.2135356366974,305.4544172536337,309.58283229475126,2561000,2023,7,5
2023-07-06,299.11846923828125,304.5083495837193,298.96556172875194,303.896719545602,2896900,2023,7,6
2023-07-07,301.1922302246094,303.29464277424626,298.83177350402843,299.30959851496283,2901200,2023,7,7
2023-07-10,302.4346008300781,305.8844838350737,301.98544409792436,302.6257425236393,1775800,2023,7,10
2023-07-11,306.6489562988281,306.8018637883669,300.62834420023927,304.6898564304762,2042600,2023,7,11
2023-07-12,311.9241943359375,318.5659743568976,309.8695524041709,310.1849041125667,2741300,2023,7,12
2023-07-13,314.10308837890625,314.67648430917313,311.2457037258453,312.83208649512807,2787800,2023,7,13
2023-07-14,311.7235107421875,317.73455808130274,310.60538728475757,317.2662696972564,1814800,2023,7,14
2023-07-17,312.6887512207031,312.9658687753143,309.97467903934916,311.43685181539485,1777400,2023,7,17
2023-07-18,322.3121032714844,323.2486508817723,312.7842704736073,312.7842704736073,3899100,2023,7,18
2023-07-19,325.4466552734375,330.5402870356399,316.6068911589563,323.00975899401584,6037400,2023,7,19
2023-07-20,335.29937744140625,336.08301751661304,324.11828885811104,324.11828885811104,3915000,2023,7,20
2023-07-21,336.3506164550781,339.3322402375551,331.4003557094496,336.1786064285801,3216300,2023,7,21
2023-07-24,343.011474609375,345.5821756456716,336.3888265853658,337.1820033158375,3517500,2023,7,24
2023-07-25,338.9690856933594,344.81765935540375,338.2810164881703,341.56845500583745,2893000,2023,7,25
2023-07-26,341.7022705078125,344.2825376177825,338.56773913461285,338.768417503215,2281600,2023,7,26
2023-07-27,338.7875061035156,344.550074696701,338.46258858856464,342.246954593192,2010800,2023,7,27
2023-07-28,337.56427001953125,340.68923511321,336.01609247571054,340.3165176033667,1827400,2023,7,28
2023-07-31,340.0871887207031,341.3582196568361,338.3192302429068,339.1411044756443,1385500,2023,7,31
2023-08-01,341.85516357421875,341.9985052600144,337.717211368905,338.3001439458498,2024300,2023,8,1
2023-08-02,335.52874755859375,339.2462111893555,333.39763738976063,339.2462111893555,2106600,2023,8,2
2023-08-03,337.4973449707031,339.45641573232666,333.15868596581356,334.4679217509507,1840400,2023,8,3
2023-08-04,337.5547180175781,342.82035922215846,336.8762146355909,337.66939135942096,1724700,2023,8,4
2023-08-07,339.79095458984375,341.80739150990775,338.2237035572102,339.6380470708334,1260300,2023,8,7
2023-08-08,332.8147277832031,336.3888499817382,326.86101689949714,336.10216660479125,1917300,2023,8,8
2023-08-09,327.49176025390625,333.0058512553097,327.3006185535757,331.4386001362887,1326000,2023,8,9
2023-08-10,325.30328369140625,331.85905845174665,324.72988780654066,328.8105323419353,1345900,2023,8,10
2023-08-11,325.6186828613281,326.6316696770958,322.57969324989733,324.8541452504757,1256800,2023,8,11
2023-08-14,322.7612609863281,323.4397935671561,320.0089839847854,322.4459092801263,1347000,2023,8,14
2023-08-15,317.4765625,319.21585296049153,315.8233062267457,318.51821777645756,1657800,2023,8,15
2023-08-16,314.5140380859375,318.15509234984125,314.38026221700574,315.8806401008219,3340300,2023,8,16
2023-08-17,312.9944763183594,319.1775329615635,309.63059883015325,315.36449880848943,3135200,2023,8,17
2023-08-18,310.5194091796875,313.09011052344084,308.8661530163371,309.93647656267774,1730100,2023,8,18
2023-08-21,307.7766418457031,311.9146227472404,305.22507263467804,310.9589727311601,1983500,2023,8,21
2023-08-22,304.6517028808594,308.33096159066446,304.1929803347738,308.1780540753026,1810300,2023,8,22
2023-08-23,308.03466796875,308.14937047268376,303.89671608198705,306.4005145482264,1429000,2023,8,23
2023-08-24,305.76983642578125,312.96588142053554,305.33981132497735,307.8627127420843,1185600,2023,8,24
2023-08-25,305.95135498046875,308.407382586731,304.078289064918,306.57252167467374,1159600,2023,8,25
2023-08-28,311.5132751464844,312.1153393967781,307.08861036264557,307.08861036264557,1440100,2023,8,28
2023-08-29,317.80145263671875,317.944823493643,310.2804904587164,311.12146727528847,1831700,2023,8,29
2023-08-30,316.6258239746094,319.8346907589819,315.72966562871807,317.99417548713376,1131500,2023,8,30
2023-08-31,315.7874450683594,318.46630361615456,314.1011125082324,317.42560846111945,1271100,2023,8,31
2023-09-01,315.4887390136719,319.55521087859415,314.3420304716395,317.67617216211875,1201400,2023,9,1
2023-09-05,311.9715270996094,316.52945374239766,310.8922789542716,315.43091440405334,1846000,2023,9,5
2023-09-06,309.4468994140625,312.34740131365487,307.69310620001545,310.5839625015963,2120800,2023,9,6
2023-09-07,310.24664306640625,312.424430560789,308.4832339287177,308.95539764279636,1471100,2023,9,7
2023-09-08,313.6771545410156,314.11079472710065,309.95760040451904,310.20815068157344,2026400,2023,9,8
2023-09-11,312.8388366699219,318.13874005520637,312.4919480183948,316.31751582006535,1283100,2023,9,11
2023-09-12,318.86138916015625,323.0820433373176,312.212426695328,312.22207229167503,2054700,2023,9,12
2023-09-13,322.7929992675781,324.74914403140855,318.784341989484,321.36683302016786,2165000,2023,9,13
2023-09-14,332.03411865234375,332.56409720017507,324.59498075053773,326.66675517475625,2822700,2023,9,14
2023-09-15,330.0779724121094,333.5951749420735,329.42268931741114,332.5930032154559,3058800,2023,9,15
2023-09-18,330.8295593261719,331.73536320250196,326.92688618054353,330.0779379614838,1356600,2023,9,18
2023-09-19,329.4515686035156,332.41950087423163,325.6741708516628,330.96442741616846,1660200,2023,9,19
2023-09-20,324.450439453125,331.2921089376733,324.05535224336575,330.1454002917967,1224400,2023,9,20
2023-09-21,318.22540283203125,322.5135174428176,318.0712203243549,322.3304275529086,1685100,2023,9,21
2023-09-22,315.9609069824219,319.4781088809,314.9394442436642,318.09049578773687,1669100,2023,9,22
2023-09-25,316.8763732910156,317.3100134737452,313.44589303358083,315.170778759744,833300,2023,9,25
2023-09-26,312.03900146484375,315.5176507111098,310.6899412226257,313.7638576925725,1481800,2023,9,26
2023-09-27,310.237060546875,313.17608589776086,307.37511175484,313.1568241098756,1493000,2023,9,27
2023-09-28,313.3687744140625,314.94909359565816,308.5602976962179,308.5602976962179,1389600,2023,9,28
2023-09-29,311.7980651855469,316.0283353812195,310.5453434104778,315.2960052710163,1403900,2023,9,29
2023-10-02,306.91253662109375,311.8077063695871,305.5634764075174,310.3141092415753,1303800,2023,10,2
2023-10-03,294.98291015625,304.19510127705894,293.31586886092396,303.80001413687575,3118600,2023,10,3
2023-10-04,297.37274169921875,297.8159980746218,292.4390185774702,293.7591715134878,1872000,2023,10,4
2023-10-05,299.2035827636719,299.2517519319511,293.1424133844296,296.17780616868663,1584600,2023,10,5
2023-10-06,301.1115417480469,303.8482149616767,295.9947294870012,296.90050388930734,1595100,2023,10,6
2023-10-09,301.2367858886719,302.0751587434699,297.1510525779905,297.6617692418257,1094400,2023,10,9
2023-10-10,303.3182373046875,305.3225806006668,300.9284818305764,303.02916346743467,1193800,2023,10,10
2023-10-11,301.63189697265625,305.110575564849,300.2635749680175,303.9542214306044,1672500,2023,10,11
2023-10-12,298.5772705078125,302.81718705448003,296.81383175711045,302.72081929965145,1727700,2023,10,12
2023-10-13,298.0472717285156,304.6769735252505,296.9584072281177,300.649054152374,1785200,2023,10,13
2023-10-16,302.9520568847656,304.40710093112517,298.9626618822566,301.7860572397009,2273900,2023,10,16
2023-10-17,298.1050720214844,304.6769587257808,294.7806050939389,301.97883808249964,4123000,2023,10,17
2023-10-18,290.97430419921875,296.04294814194293,290.5117860283487,295.8309508445242,3460300,2023,10,18
2023-10-19,288.30511474609375,294.2313645590732,287.7654905639003,290.9743282689904,3211800,2023,10,19
2023-10-20,289.1337890625,292.21738077090424,287.2547501776089,287.640191789332,2328700,2023,10,20
2023-10-23,288.3340148925781,292.50647130498027,287.34148871733066,287.4378564775833,2959800,2023,10,23
2023-10-24,288.29547119140625,292.07286990085146,288.1991034280502,289.08564568068846,1697100,2023,10,24
2023-10-25,285.9635009765625,289.0856162214147,284.2964300030542,287.73655589384333,1809300,2023,10,25
2023-10-26,286.18511962890625,289.22054217988523,284.0555304516708,286.15621224305454,2011200,2023,10,26
2023-10-27,279.3626708984375,287.4185082513503,278.83266302586856,286.72470168543344,2601700,2023,10,27
2023-10-30,289.8853759765625,290.8297328090375,282.6197127685282,282.7738952763184,3065200,2023,10,30
2023-10-31,292.5642395019531,293.2195225229595,289.7601351540178,290.70446259514137,2611000,2023,10,31
2023-11-01,295.9851379394531,297.0354788450971,291.8222978935046,292.29446166932615,2345400,2023,11,1
2023-11-02,302.3450012207031,303.096622601818,296.7945483095114,298.42306620314497,2597000,2023,11,2
2023-11-03,315.7007751464844,317.34855500091277,306.36330695920526,306.87402372846367,3740800,2023,11,3
2023-11-06,312.125732421875,316.93418025946335,310.3815849510633,314.77568381101315,2087600,2023,11,6
2023-11-07,312.164306640625,314.51553874934996,309.601077230054,310.41051345329055,1505000,2023,11,7
2023-11-08,312.7520751953125,314.7756802967969,311.8944698652936,312.1642819183376,1484400,2023,11,8
2023-11-09,309.1095886230469,314.76602537969615,308.0303404428265,314.1396791401726,1787900,2023,11,9
2023-11-10,313.66754150390625,314.1975200412848,309.9479579227095,311.55721413738974,1781400,2023,11,10
2023-11-13,315.0165710449219,316.7607184191858,311.7595353581241,312.3666198024725,1403300,2023,11,13
2023-11-14,326.3969421386719,329.34561314267916,320.3743249887697,321.39575850480827,3592700,2023,11,14
2023-11-15,325.31768798828125,328.67106233623963,323.1399002557815,327.5339992965827,2534500,2023,11,15
2023-11-16,324.4215087890625,327.3894413371715,322.8218982767574,325.4718496047257,1620400,2023,11,16
2023-11-17,326.8498840332031,328.06405320921345,325.81880479349,327.1486035277273,1465200,2023,11,17
2023-11-20,327.1003723144531,328.90233453882087,325.221304127681,327.630350824923,3146000,2023,11,20
2023-11-21,322.7833557128906,326.7534600344722,322.37862292143313,326.0500077998973,1900900,2023,11,21
2023-11-22,326.31982421875,326.5799906600191,323.1687725046247,324.68166079868257,1235200,2023,11,22
2023-11-24,326.811279296875,327.8905275458548,325.35623504316186,326.4740068672415,460100,2023,11,24
2023-11-27,325.4236755371094,327.649632467671,323.52534544835015,326.84984185493437,1250500,2023,11,27
2023-11-28,325.3658447265625,326.08855874390593,322.6869859452351,325.10567826694995,1419000,2023,11,28
2023-11-29,330.5732727050781,333.7501696043163,326.9300300757197,327.40607095834486,2038100,2023,11,29
2023-11-30,331.8168640136719,334.94519650896535,330.4081315334905,331.95286300105647,1903600,2023,11,30
2023-12-01,338.51068115234375,338.9576069468571,330.7287347405274,331.73910605706095,3622800,2023,12,1
2023-12-04,339.4433288574219,340.5119895486217,335.46004467137135,336.4412711050429,2178100,2023,12,4
2023-12-05,332.02081298828125,336.95617881620575,330.8452684480504,336.7327455983394,2429700,2023,12,5
2023-12-06,332.23455810546875,337.1213593329022,331.8750962701581,333.7307246012853,1869300,2023,12,6
2023-12-07,334.80914306640625,334.87715737945297,332.26373556697945,333.92504594315454,2162400,2023,12,7
2023-12-08,340.8423156738281,342.2607727303555,333.9930318132744,334.5079422204629,2238800,2023,12,8
2023-12-11,341.74591064453125,342.97974490634806,339.11303908096386,341.43501346636447,1636000,2023,12,11
2023-12-12,342.5716857910156,343.92212871994934,339.6279467226692,341.40586585581315,1597600,2023,12,12
2023-12-13,352.4035949707031,352.52017399475693,341.5904457579338,342.8922942745101,2876500,2023,12,13
2023-12-14,372.5531311035156,375.2054223848828,354.6089457321589,356.0662427694143,5376300,2023,12,14
2023-12-15,369.6773986816406,374.9139371728586,368.5212740182321,369.36650153796467,4521600,2023,12,15
2023-12-18,365.68438720703125,371.8633418920659,365.2083463422587,370.4060448949745,2740900,2023,12,18
2023-12-19,371.56219482421875,372.84459373581024,363.8870730651299,365.30553025257035,2091800,2023,12,19
2023-12-20,366.7724914550781,374.1658601814062,366.5101886735257,369.89112832411564,1836500,2023,12,20
2023-12-21,369.7356872558594,370.6294794806904,366.2770380753566,369.2304719864664,1301600,2023,12,21
2023-12-22,369.8133850097656,372.57253035580834,368.6086956801817,371.12495820017716,1538200,2023,12,22
2023-12-26,370.7460632324219,371.71759457977606,369.230476702452,369.8134014406213,837300,2023,12,26
2023-12-27,373.5343933105469,374.76822748183713,369.4830944359196,370.347771590107,1367200,2023,12,27
2023-12-28,375.4094543457031,376.72102767424286,372.7085982215688,373.57324575599034,1024700,2023,12,28
2023-12-29,374.7876281738281,375.63288533065867,372.6502770503669,374.59333969830425,881300,2023,12,29
2024-01-02,377.24560546875,378.0617178809664,371.30956324413796,372.09650125347633,2263100,2024,1,2
2024-01-03,370.92095947265625,374.428173386889,366.03415800691397,372.95145642017786,2265300,2024,1,3
2024-01-04,372.0479431152344,376.0700674952259,371.0764117632153,372.6308382074187,1618300,2024,1,4
2024-01-05,375.4385986328125,378.3823376048948,370.2311748830807,371.047287354457,2913900,2024,1,5
2024-01-08,377.7896728515625,378.0034109380906,371.15412666548735,374.9819626204456,1902600,2024,1,8
2024-01-09,372.8154296875,374.9625353119397,370.90151174756164,373.6509620634609,1708800,2024,1,9
2024-01-10,371.08612060546875,372.1450862603823,367.7537750608162,370.4935006902908,1547300,2024,1,10
2024-01-11,368.9390563964844,370.13405071551847,364.0133849860287,370.0466164456554,2209900,2024,1,11
2024-01-12,366.9959716796875,374.86538163487245,365.85926694166056,372.42682843073993,2223100,2024,1,12
2024-01-16,369.619140625,374.04932152861454,363.66364827616746,367.5886138661228,3926600,2024,1,16
2024-01-17,366.4421691894531,369.37621269524703,363.4790105793475,364.5185561876756,2415100,2024,1,17
2024-01-18,366.1799011230469,370.77525528838044,363.89679641830855,369.5025218858702,1771200,2024,1,18
2024-01-19,371.31927490234375,372.38793561384404,361.47765808469273,366.0049975027758,2598700,2024,1,19
2024-01-22,374.9722595214844,381.54954622694555,373.6121214597596,375.360866160722,2922700,2024,1,22
2024-01-23,369.92999267578125,372.4462553906765,367.8509309411479,369.16250423314875,3313300,2024,1,23
2024-01-24,368.5989990234375,373.6606692030802,368.3852609342449,370.9403932031609,2235800,2024,1,24
2024-01-25,371.8050842285156,375.70090503990383,371.1347251805359,371.7953594267581,2376300,2024,1,25
2024-01-26,367.0347900390625,370.05623791941207,366.02438926273055,367.870292661705,3464700,2024,1,26
2024-01-29,369.72601318359375,369.99804080875094,363.58592718857335,365.1889778302084,1632300,2024,1,29
2024-01-30,375.8563537597656,376.8764795347397,370.72666907475565,373.06806334265104,3897900,2024,1,30
2024-01-31,373.0777893066406,382.6959444148991,372.7766169389693,375.0111273408121,3421100,2024,1,31
2024-02-01,372.92230224609375,378.45031781596424,368.0160513022128,373.48577736492126,2138500,2024,2,1
2024-02-02,376.8181457519531,377.6730981077459,369.7648481142321,370.93066797767113,2180900,2024,2,2
2024-02-05,372.1159362792969,374.36017138183695,370.15345357693957,373.6509724538802,2231100,2024,2,5
2024-02-06,374.0298156738281,375.80773450849057,372.09647792626,372.1158978781778,1487800,2024,2,6
2024-02-07,375.65234375,376.05067519146985,371.61076947058325,374.34077039858187,1963200,2024,2,7
2024-02-08,374.07843017578125,377.0610088144117,370.48375240900054,375.0110919473589,1913700,2024,2,8
2024-02-09,373.3206481933594,375.13740708454003,371.69817778402984,373.81610902354606,2028200,2024,2,9
2024-02-12,381.46209716796875,385.066470303999,373.37894893054045,374.0395831565111,2797200,2024,2,12
2024-02-13,367.9674987792969,378.0811436897384,364.5185743466217,376.55583235466787,3030800,2024,2,13
2024-02-14,367.2777404785156,370.6198108820775,365.0820700166166,370.0368861095892,2041300,2024,2,14
2024-02-15,374.4476318359375,376.18665163259084,368.34641604818705,368.61844364450263,2218900,2024,2,15
2024-02-16,373.4955139160156,376.5461069323399,370.1048789980262,372.32966443853064,2376500,2024,2,16
2024-02-20,373.5732421875,374.60306309665594,370.00773856300304,370.1048976324826,2358900,2024,2,20
2024-02-21,377.21649169921875,377.5954031823561,370.40607664357697,370.96955181861813,1773100,2024,2,21
2024-02-22,379.3538513183594,384.33781193887563,377.92569903323357,378.1491619195919,2326800,2024,2,22
2024-02-23,379.9173278808594,385.49393806916413,378.12971372966786,378.8972318085807,2247400,2024,2,23
2024-02-26,379.1109619140625,384.7847014002661,377.75082396339445,379.917319883421,1797800,2024,2,26
2024-02-27,379.6841735839844,384.6292647156609,378.24629647810264,381.0929059346219,1724900,2024,2,27
2024-02-28,384.6936340332031,384.77192404197814,378.6470297170336,378.8329311642622,2572900,2024,2,28
2024-02-29,380.65283203125,387.433279370573,377.3458101711076,386.68967346199116,3139100,2024,2,29
2024-03-01,379.7233581542969,382.59990436010867,376.93486582920644,381.22033384435036,1697700,2024,3,1
2024-03-04,383.7837829589844,388.0105484230996,377.86437645282444,380.41802859225135,1955100,2024,3,4
2024-03-05,382.4726867675781,388.91065233410876,381.88563106591096,382.2867852977353,2697800,2024,3,5
2024-03-06,381.1615905761719,386.75813220512316,376.22057105337046,386.4743831582641,2692400,2024,3,6
2024-03-07,380.04620361328125,385.9949909275186,378.7057781747894,383.4413090771439,2033100,2024,3,7
2024-03-08,378.6372375488281,387.0809732818429,378.36328223477517,380.3397018694121,1657200,2024,3,8
2024-03-11,377.8251953125,378.06979935728026,373.1875121783111,377.3457809395761,1654200,2024,3,11
2024-03-12,379.8016052246094,380.73111258722815,375.4965797817885,379.25369452419005,1703900,2024,3,12
2024-03-13,383.8424377441406,386.71898361629763,379.8015742637824,380.5158288030905,2370600,2024,3,13
2024-03-14,380.2223205566406,387.82463384838377,377.1305515151854,385.9167102375161,3029500,2024,3,14
2024-03-15,378.8525390625,382.687943811937,378.06002430699357,380.47671358310026,3763500,2024,3,15
2024-03-18,376.07379150390625,380.6332141120556,375.1345204085844,380.26141121670804,2069000,2024,3,18
2024-03-19,380.2712707519531,382.34550846513366,375.4280982760893,375.7803436596097,1858200,2024,3,19
2024-03-20,387.91265869140625,387.9420099820429,377.6686402347253,378.02085572236524,2157400,2024,3,20
2024-03-21,404.7805480957031,405.083854721764,390.4761083699967,391.14142420400816,4613800,2024,3,21
2024-03-22,398.0392761230469,407.764735306979,397.0217149389122,405.4556576036226,2189600,2024,3,22
2024-03-25,396.1998596191406,401.6007063103303,395.14315339895364,398.08819572473726,1683900,2024,3,25
2024-03-26,397.4130859375,400.4950910033807,395.7889114583965,397.32503206234827,1407000,2024,3,26
2024-03-27,406.2873229980469,406.5221333288594,399.5558148317582,400.77883506956084,2353600,2024,3,27
2024-03-28,408.6746520996094,410.15207006993865,406.0231526415817,407.2265854200003,2409700,2024,3,28
2024-04-01,404.5848693847656,408.9290394541735,403.1074514520259,407.6864318412209,1863900,2024,4,1
2024-04-02,401.2973937988281,404.25222979821143,398.82200203592515,401.8746557670585,1976000,2024,4,2
2024-04-03,405.0643005371094,407.63753988074615,402.1290519824927,402.1290519824927,1549200,2024,4,3
2024-04-04,397.4815673828125,409.95637349759613,396.94345043514323,408.97795733173075,1704700,2024,4,4
2024-04-05,399.2622985839844,400.30921106493486,392.8047458105351,397.78488059421113,1694500,2024,4,5
2024-04-08,401.6789855957031,403.62602423274654,398.75350092293894,400.2700639123586,1181900,2024,4,8
2024-04-09,401.8453063964844,404.30114059655415,398.2642995458793,402.62805726647304,1247800,2024,4,9
2024-04-10,392.110107421875,396.69888204084,388.71500182688396,395.2899602466775,1903300,2024,4,10
2024-04-11,388.90087890625,392.8047499590994,386.31784582603296,391.83612748346434,2176200,2024,4,11
2024-04-12,381.0832824707031,385.58400256432645,378.7644410592618,384.36098242252064,2814900,2024,4,12
2024-04-15,392.2275085449219,403.95870975183067,390.0847745825454,398.21541117883663,6177000,2024,4,15
2024-04-16,388.29425048828125,396.2292216357664,386.65051838893544,395.7204559456528,3459700,2024,4,16
2024-04-17,395.19207763671875,398.3327851726223,392.5209907513327,393.7146596695513,4373800,2024,4,17
2024-04-18,394.4093322753906,399.0568091337826,393.7244588642261,396.73796756291296,2776300,2024,4,18
2024-04-19,395.2801513671875,399.1938162322092,394.3115288679405,395.33885395145137,2805100,2024,4,19
2024-04-22,408.3420104980469,408.9584174866871,395.8378525505655,398.1566941867697,4165600,2024,4,22
2024-04-23,414.84844970703125,416.16931748801824,407.21681564182643,408.69420373178406,2662300,2024,4,23
2024-04-24,413.9092102050781,415.4159497005302,410.553219844186,412.40244085073226,1575900,2024,4,24
2024-04-25,410.98370361328125,414.46686281814766,405.8959574031659,411.90341720928564,1970100,2024,4,25
2024-04-26,418.3414001464844,419.28067128937704,410.5825672482214,411.15982919327473,2322700,2024,4,26
2024-04-29,421.511474609375,423.97707264835225,417.9794065109591,418.3414157222768,2453000,2024,4,29
2024-04-30,417.4999694824219,422.0789800036936,416.8053023390135,419.2513428456979,1829900,2024,4,30
2024-05-01,417.73480224609375,424.07492001697517,416.0127802051668,417.4804044830771,2310100,2024,5,1
2024-05-02,423.2335205078125,424.29019691010996,418.928495019473,421.89309503515324,2087500,2024,5,2
2024-05-03,428.7223815917969,432.7534513537934,425.53276524572004,425.61102539983546,2406300,2024,5,3
2024-05-06,434.09393310546875,434.78860025420164,430.19003212283025,432.21536084402317,1914300,2024,5,6
2024-05-07,434.2210998535156,437.76299159723317,433.3111799489621,435.5615551358915,2058200,2024,5,7
2024-05-08,437.3031311035156,438.35001374133367,432.5088678520793,433.24267999967964,2006700,2024,5,8
2024-05-09,445.7272644042969,446.57848168787586,436.70626619564774,436.70626619564774,2710200,2024,5,9
2024-05-10,444.9151916503906,448.8484138684951,444.51403744130494,446.6665350802167,1823900,2024,5,10
2024-05-13,443.77044677734375,447.331896057501,443.53563644551537,446.4219463038809,1579600,2024,5,13
2024-05-14,448.5744934082031,451.80325504700795,444.2107653513188,445.02283769018146,2412900,2024,5,14
2024-05-15,456.02996826171875,456.12781584602766,451.0009249042589,451.62709569783294,2217700,2024,5,15
2024-05-16,454.493896484375,458.1433997720708,452.3022536836643,454.34714002162985,2070300,2024,5,16
2024-05-17,457.62481689453125,458.5445304924237,454.2297115556455,456.31374279642534,1655900,2024,5,17
2024-05-20,452.947998046875,461.3036807559214,452.61534012192,458.0944768140634,2591500,2024,5,20
2024-05-21,460.25677490234375,461.13734352334023,452.2239861442963,452.2533374363664,2762600,2024,5,21
2024-05-22,452.40008544921875,460.1784762914868,449.8268460765132,457.27257899523386,2729500,2024,5,22
2024-05-23,448.2613525390625,454.2883995979055,447.5373341438957,454.21013944392445,2254500,2024,5,23
2024-05-24,451.2259826660156,455.2081438254213,449.1908900776377,449.9149085215684,1932200,2024,5,24
2024-05-28,449.8855285644531,453.6817880124968,449.00495999923163,450.0127274416646,1930800,2024,5,28
2024-05-29,447.30255126953125,448.8386420244323,441.9016746878128,445.02282478227886,2315700,2024,5,29
2024-05-30,443.17816162109375,448.7199549895376,440.5893499013554,445.90476493236656,2135000,2024,5,30
2024-05-31,449.3695983886719,449.6156826835565,441.1011720884657,442.7154994819105,2638300,2024,5,31
2024-06-03,447.853759765625,451.682815935933,443.1486290493494,451.682815935933,1930700,2024,6,3
2024-06-04,448.168701171875,450.54095735466706,442.1740914155159,443.44389477501244,1835000,2024,6,4
2024-06-05,454.44879150390625,455.76779974778674,450.33426921543884,450.3834740596274,1678900,2024,6,5
2024-06-06,450.9248962402344,457.24432450710964,449.85197225198516,454.58663197939535,1598000,2024,6,6
2024-06-07,447.78485107421875,453.93695873657873,447.38126920681736,448.3065486024034,1736100,2024,6,7
2024-06-10,446.4461364746094,448.2277844490582,443.2470404927023,445.2452438582792,1698600,2024,6,10
2024-06-11,437.3114929199219,444.78260893464227,436.43544840067534,443.97547523140065,1938200,2024,6,11
2024-06-12,441.672119140625,450.4720962210722,439.2014231252753,448.4640398970512,1733000,2024,6,12
2024-06-13,439.3589172363281,441.2980627307759,435.22468896159467,439.732970180372,1849100,2024,6,13
2024-06-14,439.4671936035156,441.20948973510554,432.2716908175802,435.0672049607162,1559100,2024,6,14
2024-06-17,443.12890625,443.7195145682726,436.4452783996496,438.1284865730776,1531600,2024,6,17
2024-06-18,450.265380859375,450.5213181569306,441.48510941541804,442.5285044967906,1798400,2024,6,18
2024-06-20,450.87567138671875,453.19872294842526,448.109686080332,450.82646653939514,2080600,2024,6,20
2024-06-21,443.12890625,451.61388796910234,442.8532930400844,451.4957723133652,3919200,2024,6,21
2024-06-24,454.8523864746094,456.25998150236387,442.9517529825618,444.18217451862444,1882200,2024,6,24
2024-06-25,450.2161560058594,456.8111972611239,449.59601875985663,452.26356417655364,1633400,2024,6,25
2024-06-26,448.71990966796875,450.75749473659266,445.36334648946513,448.2769759832148,2131700,2024,6,26
2024-06-27,438.97503662109375,442.7352121686141,435.8645272707567,442.7352121686141,2835200,2024,6,27
2024-06-28,445.23541259765625,450.1767745616337,442.48910337954806,443.05018279693564,3839700,2024,6,28
2024-07-01,456.3977966308594,456.7521436091945,446.8989485157084,447.3911171231213,1850500,2024,7,1
2024-07-02,458.3172607421875,458.9669269435456,452.4014141909104,454.2815019767523,1491800,2024,7,2
2024-07-03,460.591064453125,462.53020989076236,458.5239503763177,461.69351728353246,993900,2024,7,3
2024-07-05,457.470703125,460.2563641191876,452.92307017245815,460.14810144869216,1593800,2024,7,5
2024-07-08,457.5396423339844,467.42236657839874,456.77186048966394,460.3253035010633,2214300,2024,7,8
2024-07-09,465.42413330078125,471.7927960254761,454.3503400805335,458.3073947499042,4525100,2024,7,9
2024-07-10,471.3892517089844,472.344029946032,462.4908350932988,465.10917562550935,1946000,2024,7,10
2024-07-11,471.7239074707031,475.5923452956533,468.81024785187685,472.48183626879995,2251400,2024,7,11
2024-07-12,472.3637390136719,475.8679770326482,470.61162000418375,473.39728105492975,2727800,2024,7,12
2024-07-15,484.52032470703125,485.2782535585809,468.84966281486066,472.7279538975831,3568200,2024,7,15
2024-07-16,495.14129638671875,498.65538746307897,484.28405807809054,486.2625854981499,3981700,2024,7,16
2024-07-17,494.314453125,501.50013278490275,491.6075257963133,495.1216168470549,3908900,2024,7,17
2024-07-18,478.5945739746094,495.8007987706832,476.63575259049077,491.6960994946723,3320200,2024,7,18
2024-07-19,477.3346252441406,484.8845046915703,475.62188815013053,481.4590004639631,2032700,2024,7,19
2024-07-22,479.41162109375,481.80355339397863,474.8246059188999,476.97045390742795,1792500,2024,7,22
2024-07-23,484.4415588378906,488.04423668288433,478.66350413869816,479.45096190215105,2020500,2024,7,23
2024-07-24,479.07696533203125,488.2214370183149,478.2107437208515,481.59686636114156,1598600,2024,7,24
2024-07-25,484.0084533691406,488.3395311948505,475.66129284239514,478.43710101476915,1489700,2024,7,25
2024-07-26,491.21380615234375,496.1059633817192,487.88674151221954,487.95565232774595,2249700,2024,7,26
2024-07-29,485.00262451171875,494.13727249084246,483.3686211612814,492.5820329382698,1599500,2024,7,29
2024-07-30,497.74981689453125,501.4902863270181,490.4952263259789,490.5050793108795,2642500,2024,7,30
2024-07-31,501.05718994140625,509.15829633569643,496.95249038513424,496.95249038513424,2658900,2024,7,31
2024-08-01,492.2867126464844,505.9690236744634,486.93191590807123,502.01196892933166,4006800,2024,8,1
2024-08-02,463.2684631347656,486.7153518472802,459.8921637895194,483.4079933534717,6115500,2024,8,2
2024-08-05,451.8304443359375,455.92529063474217,430.5195502654235,440.57947750864986,4177200,2024,8,5
2024-08-06,462.85504150390625,467.8062564409827,450.2653602472033,453.7893042615001,2209300,2024,8,6
2024-08-07,465.6013488769531,480.89792734605277,465.16823810551426,471.8814250232295,2587600,2024,8,7
2024-08-08,478.1614685058594,480.0907910369857,469.6863396740509,470.3852106715699,1936400,2024,8,8
2024-08-09,482.5811767578125,484.2939139138641,474.6474211403581,477.4232292802653,1622700,2024,8,9
2024-08-12,477.895751953125,485.15031293854037,476.17316170406633,482.5812070432333,1839300,2024,8,12
2024-08-13,484.2348327636719,485.5439879903312,478.8505072093788,482.61068243119234,1243700,2024,8,13
2024-08-14,490.88897705078125,491.52879022728865,480.7502857969105,485.17980322754465,1545600,2024,8,14
2024-08-15,491.2039489746094,498.97038406359303,490.4558731139265,497.09029636763023,1732300,2024,8,15
2024-08-16,496.36187744140625,497.0016906023476,489.21557988117837,489.2647847244866,1587000,2024,8,16
2024-08-19,496.7752990722656,499.8267504504643,493.99946091302496,497.090294190957,1027900,2024,8,19
2024-08-20,489.5502624511719,496.26344940592037,488.72342280284204,495.97798320508196,2122700,2024,8,20
2024-08-21,488.68402099609375,492.9363647624954,486.29208889233774,491.67641439166374,917100,2024,8,21
2024-08-22,489.953857421875,491.87332704086987,487.0402276250868,489.2156044975829,943800,2024,8,22
2024-08-23,501.4410705566406,504.4137580918149,492.0209563259462,494.87552820323884,1751800,2024,8,23
2024-08-26,499.91534423828125,505.4571676500089,497.4052963173931,504.3153628979449,1084200,2024,8,26
2024-08-27,499.3149108886719,503.4688151841022,498.6553917298129,499.8858132623505,977900,2024,8,27
2024-08-28,495.4464111328125,500.4074788463924,490.6625469386931,498.6652128817908,1568100,2024,8,28
2024-08-29,502.11041259765625,505.2012157904246,493.2907596814636,498.0746240627481,1566300,2024,8,29
2024-08-30,505.22943115234375,506.16018450609874,500.1994287492721,502.8332292758611,1838900,2024,8,30
2024-09-03,482.66363525390625,504.6848256129703,480.62390701430843,502.4767567905335,2373600,2024,9,3
2024-09-04,485.8123779296875,491.31766807027896,481.91114301618404,481.91114301618404,1509400,2024,9,4
2024-09-05,483.07952880859375,490.8918797516465,478.31685903135195,488.72342575292544,1828300,2024,9,5
2024-09-06,474.890869140625,490.5354233765702,472.36597191936875,481.8121116743324,1995600,2024,9,6
2024-09-09,483.76275634765625,489.4165647346232,478.63373185345785,480.75265975767894,1714200,2024,9,9
2024-09-10,462.53369140625,484.3865414701091,457.0284012983468,484.31722298112766,3583100,2024,9,10
2024-09-11,466.533935546875,467.2468523147514,452.9786358999989,459.41467914263575,2426500,2024,9,11
2024-09-12,469.3955078125,469.672751557747,460.82071382530745,466.66265502556377,1482200,2024,9,12
2024-09-13,474.2769775390625,477.3563924675306,470.8213269957384,471.3064959807297,1794500,2024,9,13
2024-09-16,480.38629150390625,482.5844491127319,474.7720679430876,476.6929818092371,1500300,2024,9,16
2024-09-17,480.614013671875,484.9113065628003,477.0593109294909,483.1983180406985,1444900,2024,9,17
2024-09-18,479.8119812011719,488.1392349690574,477.02963250101925,480.62392009616417,1699500,2024,9,18
2024-09-19,498.8725891113281,501.42722031602955,488.60462878530825,489.87203311237397,3060700,2024,9,19
2024-09-20,493.52569580078125,497.1100720126027,490.6047404263443,495.2683879681069,4452600,2024,9,20
2024-09-23,492.5157470703125,496.46647786908704,490.3472931176901,493.30786339809106,953200,2024,9,23
2024-09-24,493.1197204589844,494.6445760871296,489.23830822754246,492.69395869689004,1035400,2024,9,24
2024-09-25,486.3074645996094,497.06059361453526,485.574725248508,493.59503170686423,1763900,2024,9,25
2024-09-26,492.03057861328125,493.4959968429725,487.63426348960553,489.13929660091844,1378100,2024,9,26
2024-09-27,493.60491943359375,500.4271095505195,490.98096994055277,494.060384801743,1420100,2024,9,27
2024-09-30,490.23834228515625,491.6344721924084,484.0894541459264,490.02053598748137,1602500,2024,9,30
2024-10-01,485.34698486328125,489.7135660706032,479.8416646915016,489.7135660706032,1528600,2024,10,1
2024-10-02,487.1490478515625,489.9908036116959,483.1488212444639,486.33713921816724,1445100,2024,10,2
2024-10-03,481.3170471191406,485.6836587500384,479.4357481265101,485.109348712069,1290600,2024,10,3
2024-10-04,490.2878723144531,491.4265508355614,481.21799859146796,490.7631602283271,1721600,2024,10,4
2024-10-07,489.753173828125,494.09999285778196,485.9608724694996,489.7630851025023,1173300,2024,10,7
2024-10-08,491.68402099609375,493.4365942536906,487.93130413142,492.1097827712888,1296700,2024,10,8
2024-10-09,500.20928955078125,501.2885609029608,490.3770027349714,493.29798838689584,1695900,2024,10,9
2024-10-10,498.7636413574219,501.81332235955085,494.6742737143194,501.3281533908099,1309000,2024,10,10
2024-10-11,511.2198486328125,512.87339972856,502.80348447221263,503.00152865702916,2409700,2024,10,11
2024-10-14,517.6063842773438,517.9232428790293,510.4376321636792,512.5565900679896,2174900,2024,10,14
2024-10-15,517.2400512695312,535.1916661235617,510.43765341084475,533.4984698975554,4525400,2024,10,15
2024-10-16,524.6464233398438,530.9438295592946,520.8045957993887,524.7850603129098,2649000,2024,10,16
2024-10-17,523.794921875,530.0230098701379,523.0324789256364,526.0128717990362,2123500,2024,10,17
2024-10-18,523.2998657226562,525.5475495748624,521.6858991449778,524.181123141802,1779200,2024,10,18
2024-10-21,512.705078125,524.636499674723,511.9129618377028,522.8047269831859,1752100,2024,10,21
2024-10-22,513.2001953125,514.5171257511506,507.8929493273954,510.5366610450205,1588000,2024,10,22
2024-10-23,512.111083984375,514.8835216293035,508.3484857209286,510.7248349446067,1263200,2024,10,23
2024-10-24,519.3391723632812,519.8342526038564,513.1011734189549,513.8932897169551,2058200,2024,10,24
2024-10-25,507.5562744140625,523.5968874317754,505.7145902929802,522.8542670183128,1633200,2024,10,25
2024-10-28,518.4282836914062,519.4283555280185,509.9128666020795,510.32877755080835,1687100,2024,10,28
2024-10-29,519.1213989257812,522.0522354573604,515.8736433334218,516.051864979158,1281600,2024,10,29
2024-10-30,519.240234375,525.5673145758692,517.9233038767131,518.2500737910924,1441600,2024,10,30
2024-10-31,512.6951904296875,519.8342694871003,509.4673179213663,517.2994609904139,2061700,2024,10,31
2024-11-01,514.2398681640625,521.4581774018388,511.952599663375,514.8834967087905,1625000,2024,11,1
2024-11-04,506.4374084472656,512.9526514513965,505.48686279750916,512.9031555117233,1797800,2024,11,4
2024-11-05,521.7750244140625,522.2701046883315,507.55627300675735,507.95236140001407,2169900,2024,11,5
2024-11-06,590.1158447265625,592.7199717172631,560.529843686752,561.7180483923487,8042800,2024,11,6
2024-11-07,576.4417114257812,589.1454873434636,575.7981433726366,584.1946849288126,4475600,2024,11,7
2024-11-08,583.4619750976562,589.2940348389891,575.5802759071172,580.6498927384932,2714000,2024,11,8
2024-11-11,596.413330078125,601.175999888672,590.3039959942469,593.0071753813058,2510800,2024,11,11
2024-11-12,586.75927734375,596.165802735925,585.6502419082044,592.1655153646844,2392900,2024,11,12
2024-11-13,588.3731689453125,597.6113837346433,586.8186700750092,588.7791686113842,1763100,2024,11,13
2024-11-14,582.818359375,595.6112765912487,580.4716838168187,594.0963020125083,1670500,2024,11,14
2024-11-15,587.6998901367188,589.2841833288248,581.3134027299286,587.5216684840954,2007700,2024,11,15
2024-11-18,582.2044677734375,589.2148210959086,578.9666235712916,588.8583778171222,1857600,2024,11,18
2024-11-19,575.6595458984375,579.0062933951398,569.8473082996103,573.9564383249503,2217400,2024,11,19
2024-11-20,576.2041015625,582.0163389540168,570.9463516423077,578.0854307158878,1528600,2024,11,20
2024-11-21,590.2445678710938,594.7894312090649,578.7587301141588,580.7390511367063,2281900,2024,11,21
2024-11-22,596.8489990234375,597.9975586580609,588.5910335325743,590.353487866935,1733700,2024,11,22
2024-11-25,597.0964965820312,605.2850825644806,592.9378105256433,602.799770117953,2940800,2024,11,25
2024-11-26,599.542236328125,601.2156101400502,587.1652289720531,594.225078802725,2846500,2024,11,26
2024-11-27,599.4728393554688,606.2257409370459,597.3440306296787,601.7007003879038,1424500,2024,11,27
2024-11-29,602.58203125,606.7010726703926,601.0868791050917,603.3147404094531,1170200,2024,11,29
2024-12-02,598.7410888671875,608.8907118550494,598.3330778614642,605.0000311409023,1804100,2024,12,2
2024-12-03,599.1092529296875,608.4031337863265,597.8355395128469,605.9553107102089,1718100,2024,12,3
2024-12-04,595.755859375,601.2983830983069,593.8154689429776,600.0246697382526,1617300,2024,12,4
2024-12-05,593.8552856445312,603.5671380336256,593.4074938663539,597.5669225548468,1672800,2024,12,5
2024-12-06,596.7210693359375,597.0394976894517,591.4372722107458,594.2134840107624,1405700,2024,12,6
2024-12-09,591.1884765625,600.0246655507228,590.7904259567621,596.0344420540822,1633200,2024,12,9
2024-12-10,582.1433715820312,593.3279014077092,580.8796185866756,587.0888194340986,2600800,2024,12,10
2024-12-11,589.6361694335938,590.780519361123,584.0041239060715,587.208206528762,2195300,2024,12,11
2024-12-12,588.6908569335938,593.3776386646549,585.7056595661908,589.6660627060626,1218400,2024,12,12
2024-12-13,582.5911254882812,592.0641716698789,582.1931355947847,591.0691058351396,1215000,2024,12,13
2024-12-16,583.4369506835938,585.3673807754226,575.8445937296995,585.0986935730866,1713300,2024,12,16
2024-12-17,571.8444213867188,578.7402202702759,569.4661994872962,577.9740608836572,2314100,2024,12,17
2024-12-18,547.5349731445312,576.610767554744,541.8033842443336,574.6405566455504,3271600,2024,12,18
2024-12-19,551.2564697265625,564.202284959564,550.8683795046645,558.6697217727418,2753300,2024,12,19
2024-12-20,563.3067016601562,570.0731974059552,550.6494943628501,552.2017945169347,4515900,2024,12,20
2024-12-23,567.9636840820312,568.8194260902646,559.0279519365827,562.2121746299588,1519500,2024,12,23
2024-12-24,579.9143676757812,579.9143676757812,568.5407730275846,571.3667865833532,913400,2024,12,24
2024-12-26,578.362060546875,579.715396157725,574.6504846437083,575.297301690585,1092000,2024,12,26
2024-12-27,573.3370361328125,579.0885459178735,568.5308510552961,574.152997420693,1486000,2024,12,27
2024-12-30,570.719970703125,573.1778147817766,562.311652645626,564.4709891346023,1265900,2024,12,30
