Date,Close,High,Low,Open,Volume,Year,Month,Day,MA5,MA10,MA20,RSI,MACD,VWAP,SMA,Std_dev,Upper_band,Lower_band,Relative_Performance,ROC,ATR,Close_prev,Open_prev,High_prev,Low_prev
2024-01-31,90.17575073242188,95.34222308356956,90.16605547115836,95.26467578409641,26751800.0,2024,1,31,90.21064147949218,90.0826904296875,90.20385665893555,47.720662219501065,-0.06362632750438024,90.26520942754165,90.1728385925293,0.685560791457835,91.54396017544497,88.80171700961364,18.971008864350193,-1.116070476174058,1.6561522536876043,91.19353485107422,90.14666853833357,91.77512478193552,89.74924419179942
2024-02-01,90.50531768798828,90.72825691660006,89.05133918805778,90.24359741662323,15001500.0,2024,2,1,90.40256805419922,90.20482559204102,90.1728385925293,52.130822983183386,-0.03778732262443896,90.28203372296436,90.17962379455567,0.6882770068207573,91.55617780819718,88.80306978091416,18.79435903997429,0.36547181796615646,1.6554597372283513,90.17575073242188,95.26467578409641,95.34222308356956,90.16605547115836
2024-02-02,90.13697052001953,90.73795095420415,88.85746975314015,89.84617926114333,11365900.0,2024,2,2,90.54990692138672,90.20773391723633,90.17962379455567,55.310215715874776,-0.04649628293968533,90.27472079327814,90.15248222351075,0.6781432603808399,91.50876874427243,88.79619570274906,18.522869559251507,-0.4069895309782856,1.6769230756308187,90.50531768798828,90.24359741662323,90.72825691660006,89.05133918805778
2024-02-05,89.67170715332031,90.02066260203951,89.08042194273042,89.93342004220099,7335800.0,2024,2,5,90.58674011230468,90.1234031677246,90.15248222351075,48.97521653374496,-0.0899046966790138,90.25571879427385,90.12921905517578,0.6866305183380711,91.50248009185192,88.75595801849964,18.49460119311338,-0.5161737342790795,1.6831537560505,90.13697052001953,89.84617926114333,90.73795095420415,88.85746975314015
2024-02-06,92.73474884033203,92.76382722767244,89.51660999072305,89.66200932274229,11531500.0,2024,2,6,90.33665618896484,90.06912155151367,90.12921905517578,66.95654316458624,0.12145562310652736,90.37272136940918,90.20094833374023,0.8667100901452076,91.93436851403064,88.46752815344982,19.07097916297823,3.4158396045416373,1.8250894667697568,89.67170715332031,89.93342004220099,90.02066260203951,89.08042194273042
2024-02-07,92.38578796386719,93.69437447970091,91.53278993904742,93.28725489494629,9078000.0,2024,2,7,90.6448989868164,90.42777023315429,90.20094833374023,59.57237191848249,0.25782987070647323,90.44483750641528,90.30854263305665,0.9950786488000436,92.29869993065674,88.31838533545655,18.842066221953786,-0.37630001787751777,1.8645542278772322,92.73474884033203,89.66200932274229,92.76382722767244,89.51660999072305
2024-02-08,94.18981170654297,94.28733273787928,91.59591446085814,92.73683910531564,9888100.0,2024,2,8,91.08690643310547,90.74473724365234,90.30854263305665,64.23387844427512,0.5056482849574309,90.58548161418203,90.48646659851075,1.3206929295239351,93.12785245755862,87.84508073946287,19.20151485091291,1.9527069936139396,1.9460191866520589,92.38578796386719,93.28725489494629,93.69437447970091,91.53278993904742
2024-02-09,94.88218688964844,95.5550359611059,93.89728238355313,93.92653572059766,9385600.0,2024,2,9,91.82380523681641,91.18685607910156,90.48646659851075,70.8361146606145,0.749277845943567,90.73337397935933,90.72615051269531,1.640849991660315,94.00785049601595,87.44445052937468,19.231514352566027,0.7350850060754199,1.987576961285424,94.18981170654297,92.73683910531564,94.28733273787928,91.59591446085814
2024-02-12,93.09764862060547,94.72614868074592,93.00988117938167,94.51161431309912,9224400.0,2024,2,12,92.7728485107422,91.67979431152344,90.72615051269531,66.56736671638066,0.7892605990894737,90.81073738563386,90.92313537597656,1.678722558780725,94.28058049353801,87.5656902584151,18.8780953359289,-1.8807937796780028,1.9911470621712124,94.88218688964844,93.92653572059766,95.5550359611059,93.89728238355313
2024-02-13,91.53741455078125,93.1854144567088,91.06933886117021,92.4930582340132,8138500.0,2024,2,13,93.45803680419922,91.89734649658203,90.92313537597656,58.654093939343944,0.6871285784732066,90.83112775016228,91.00721244812011,1.6645054620767383,94.3362233722736,87.67820152396664,18.82093818376539,-1.675911360750404,2.0820591357924494,93.09764862060547,94.51161431309912,94.72614868074592,93.00988117938167
2024-02-14,91.73243713378906,92.1224989488751,91.43014276100729,91.74219072511406,5510600.0,2024,2,14,93.21856994628907,91.93173446655274,91.00721244812011,57.52184511838824,0.6148374455411556,90.84793273001836,91.14611434936523,1.5987992814998042,94.34371291236484,87.94851578636563,18.691179052965033,0.21305231742112518,2.0671226587042244,91.53741455078125,92.4930582340132,93.1854144567088,91.06933886117021
2024-02-15,90.903564453125,91.89821505783199,90.68903007333451,91.6934342697985,8878000.0,2024,2,15,93.08789978027343,92.08740310668945,91.14611434936523,53.47024044234441,0.4850715013899247,90.84955509793322,91.16748085021973,1.592217660911797,94.35191617204333,87.98304552839613,18.39536401907537,-0.9035764300638571,2.078717380380943,91.73243713378906,91.74219072511406,92.1224989488751,91.43014276100729
2024-02-16,90.903564453125,91.83970838691117,90.4452423580836,90.78654367147274,5734200.0,2024,2,16,92.43065032958984,92.12722778320312,91.16748085021973,49.927089020919134,0.37787514626985796,90.85055360080827,91.16364517211915,1.5927846722234908,94.34921451656612,87.97807582767217,18.487433448627087,0.0,2.0613112749012643,90.903564453125,91.6934342697985,91.89821505783199,90.68903007333451
2024-02-20,91.1375961303711,91.78119925246746,90.7572878999725,91.04008253485026,8844500.0,2024,2,20,91.63492584228516,92.20388717651367,91.16364517211915,49.77963108343843,0.3082523221097375,90.85851182538893,91.20979881286621,1.5771316454076394,94.36406210368149,88.05553552205093,18.637635945862925,0.2574504956478041,1.9897420436411832,90.903564453125,90.78654367147274,91.83970838691117,90.4452423580836
2024-02-21,92.65882873535156,93.39019185897449,91.43989019598001,91.52765763951618,8286300.0,2024,2,21,91.24291534423828,92.35047607421875,91.20979881286621,59.40879829690986,0.37154356714385983,90.9040913138117,91.3853271484375,1.530275003911192,94.44587715625988,88.32477714061511,18.931581002029745,1.6691603351095319,1.780915480512054,91.1375961303711,91.04008253485026,91.78119925246746,90.7572878999725
2024-02-22,93.39994812011719,93.69249635385253,91.80070130593475,92.53206445046247,8124700.0,2024,2,22,91.46719818115234,92.3428840637207,91.3853271484375,60.63649947715313,0.47601724489099695,90.9645470697519,91.59451866149902,1.5038738941258467,94.60226644975072,88.58677087324733,18.69607710540967,0.799836772038609,1.796263860467447,92.65882873535156,91.52765763951618,93.39019185897449,91.43989019598001
2024-02-23,93.24392700195312,94.52137223535246,93.20492007515637,93.49746086641629,6845200.0,2024,2,23,91.80070037841797,92.44430007934571,91.59451866149902,61.59767610748003,0.5399990143847475,91.01013393583074,91.76828384399414,1.4824209310373435,94.73312570606883,88.80344198191945,18.65198210240134,-0.16704625784524918,1.7559760718340252,93.39994812011719,92.53206445046247,93.69249635385253,91.80070130593475
2024-02-26,91.93722534179688,93.19517089119802,91.90797200526839,92.99039009568773,7043800.0,2024,2,26,92.26877288818359,92.34971160888672,91.76828384399414,57.95690592101455,0.4797350373729756,91.02882867555093,91.8675048828125,1.4195912022141772,94.70668728724085,89.02832247838414,18.4582011304932,-1.4013799098453683,1.775933673219427,93.24392700195312,93.49746086641629,94.52137223535246,93.20492007515637
2024-02-27,91.79094696044922,92.30778316111238,91.27411819959661,91.97622800294754,5356100.0,2024,2,27,92.47550506591797,92.05521545410156,91.8675048828125,45.83104731683447,0.4153836741095347,91.04033806368336,91.91094589233398,1.402327451808856,94.7156007959517,89.10629098871627,18.394659859061385,-0.15910680445688774,1.6178227964027403,91.93722534179688,92.99039009568773,93.19517089119802,91.90797200526839
2024-02-28,90.68902587890625,91.63492336070105,90.46473791773221,91.43988873363442,5622400.0,2024,2,28,92.60617523193359,91.92454528808594,91.91094589233398,42.97254084115398,0.2723296858557376,91.0348557308714,91.88572044372559,1.4203336674654556,94.7263877786565,89.04505310879468,18.197889087536026,-1.200468148583067,1.558153117978706,91.79094696044922,91.97622800294754,92.30778316111238,91.27411819959661
2024-02-29,92.54181671142578,92.73684390457105,91.64467971926075,92.15175488532473,11221100.0,2024,2,29,92.21221466064453,91.83970642089844,91.88572044372559,43.201979931291554,0.3049478562185044,91.08037216361069,92.00402374267578,1.3679827503499593,94.7399892433757,89.26805824197587,18.503154812622324,2.0430154746545526,1.5121816714532526,90.68902587890625,91.43988873363442,91.63492336070105,90.46473791773221
2024-03-01,90.84506225585938,92.22002116888261,90.60127452860317,92.10300038146767,7990800.0,2024,3,1,92.04058837890625,91.9206443786621,92.00402374267578,34.62108547606702,0.19167458177126662,91.07541744451379,92.02101097106933,1.3503890252508834,94.7217890215711,89.32023292056756,17.994959761452808,-1.8335002660012756,1.5323808575439557,92.54181671142578,92.15175488532473,92.73684390457105,91.64467971926075
2024-03-04,90.16244506835938,91.00107537938433,89.75288350431755,90.74753407982064,7321000.0,2024,3,4,91.5608154296875,91.91479415893555,92.02101097106933,37.79398803393747,0.04628959587363113,91.05813845513751,92.02228469848633,1.348529144480172,94.71934298744668,89.32522640952598,17.878918445263555,-0.7514081344096035,1.4878012978868134,90.84506225585938,92.10300038146767,92.22002116888261,90.60127452860317
2024-03-05,88.95326232910156,89.87965266694398,88.80698821264997,89.81139240457465,7137300.0,2024,3,5,91.205859375,91.84068222045899,92.02228469848633,38.93064059861015,-0.16460255855533035,91.0200046125087,91.98636245727539,1.4220067654071251,94.83037598808964,89.14234892646114,17.81720754339613,-1.341115736536469,1.4334713878990146,90.16244506835938,90.74753407982064,91.00107537938433,89.75288350431755
2024-03-06,89.3725814819336,89.74313614563884,88.85575269525147,89.08003323597984,4826900.0,2024,3,6,90.63832244873046,91.62224884033203,91.98636245727539,40.0820088973369,-0.2945056809326587,91.00006417166209,91.81825408935546,1.5239581759323315,94.86617044122012,88.7703377374908,17.81094414047906,0.4713926638021171,1.4474019066504116,88.95326232910156,89.81139240457465,89.87965266694398,88.80698821264997
2024-03-07,88.6899642944336,89.47984151940886,88.06586836347186,89.34332099949913,8792400.0,2024,3,7,90.37503356933594,91.29362411499024,91.81825408935546,40.58089578248677,-0.4473792341521232,90.95022988952581,91.63346290588379,1.6687163145481725,94.97089553498013,88.29603027678745,17.501183178564123,-0.7637881508860578,1.4620296331818057,89.3725814819336,89.08003323597984,89.74313614563884,88.85575269525147
2024-03-08,88.79723358154297,89.25555566914824,88.34866508553647,88.368172268734,7671500.0,2024,3,8,89.6046630859375,90.82262573242187,91.63346290588379,41.11841660806327,-0.5534965280543531,90.91045443159146,91.36383399963378,1.6695878987004504,94.70300979703468,88.02465820223289,17.628157612527257,0.12094861911688959,1.4272028156663918,88.6899642944336,89.34332099949913,89.47984151940886,88.06586836347186
2024-03-11,89.78213500976562,90.65001863771047,88.90449779054885,88.99226523237566,6702300.0,2024,3,11,89.19509735107422,90.37795639038086,91.36383399963378,44.624908707283026,-0.5517615699935732,90.89253212907606,91.10883140563965,1.4829804529934574,94.07479231162657,88.14287049965273,17.839020897013853,1.1091577839733135,1.4864080802144304,88.79723358154297,88.368172268734,89.25555566914824,88.34866508553647
2024-03-12,90.10393524169922,90.41598319953101,88.94350341110123,89.71387343445694,9444900.0,2024,3,12,89.11903533935546,90.16244735717774,91.10883140563965,38.803455038955114,-0.5184437174555825,90.87526674242068,90.95914573669434,1.4214835810233102,93.80211289874096,88.11617857464772,17.712421827560444,0.358423456847623,1.4306855130591722,89.78213500976562,88.99226523237566,90.65001863771047,88.90449779054885
2024-03-13,89.33357238769531,90.56226457518207,88.61196282226184,90.19170248064833,8254500.0,2024,3,13,89.349169921875,89.99374618530274,90.95914573669434,32.225106585062605,-0.5478852433653856,90.84632121398143,90.84895362854004,1.4592165116379292,93.7673866518159,87.93052060526419,17.588555719967946,-0.854971374932123,1.4348645634164896,90.10393524169922,89.71387343445694,90.41598319953101,88.94350341110123
2024-03-14,89.38233184814453,89.43108492750329,88.16339326701542,88.83624230472742,8544800.0,2024,3,14,89.34136810302735,89.85820083618164,90.84895362854004,32.96045752360098,-0.5608186158986115,90.81841039846596,90.73144836425782,1.4788194140650976,93.68908719238802,87.77380953612762,17.633011563369756,0.054581339518811056,1.431381670580188,89.33357238769531,90.19170248064833,90.56226457518207,88.61196282226184
2024-03-15,87.88059997558594,89.73338069556134,87.86109279169375,89.32381911155483,18133600.0,2024,3,15,89.47984161376954,89.54225234985351,90.73144836425782,32.402751963229505,-0.6843567794732053,90.7041711156672,90.58030014038086,1.609053778899484,93.79840769817983,87.36219258258188,17.456622467478027,-1.6801216096151372,1.4696911639503918,89.38233184814453,88.83624230472742,89.43108492750329,88.16339326701542
2024-03-18,88.74847412109375,89.15803566106334,88.28039847554994,88.49493283643211,7413900.0,2024,3,18,89.29651489257813,89.24580612182618,90.58030014038086,37.57961624735184,-0.7041148757435707,90.67356517939108,90.4725456237793,1.6576916930749752,93.78792900992924,87.15716223762935,17.524865475531108,0.987560560293077,1.4871033585190798,87.88059997558594,89.32381911155483,89.73338069556134,87.86109279169375
2024-03-19,89.31405639648438,89.61635819744791,88.60220049315966,88.73872100721674,5676500.0,2024,3,19,89.08978271484375,89.1044090270996,90.4725456237793,44.12986349701445,-0.6664530901607861,90.65746809776302,90.38136863708496,1.6692959986629836,93.71996063441092,87.042776639759,17.53908120440526,0.6372867601294407,1.4648139772027398,88.74847412109375,88.49493283643211,89.15803566106334,88.28039847554994
2024-03-20,90.29896545410156,90.32821878865913,89.24580077116663,89.50909566180556,5804400.0,2024,3,20,88.93180694580079,89.14048843383789,90.38136863708496,39.658257247047246,-0.5507828422713459,90.65317957528386,90.26337547302246,1.5809049963458148,93.4251854657141,87.10156548033083,17.569980553122633,1.1027480973935022,1.3958568337618615,89.31405639648438,88.73872100721674,89.61635819744791,88.60220049315966
2024-03-21,89.38233184814453,90.8548042974848,89.36282466455249,90.32822193765975,6287300.0,2024,3,21,89.12488555908203,89.23312683105469,90.26337547302246,42.73254028843464,-0.5270030457702717,90.63692317224334,90.06249465942383,1.4070693585370928,92.87663337649802,87.24835594234965,17.334342838197152,-1.0151097538575349,1.3638166516268402,90.29896545410156,89.50909566180556,90.32821878865913,89.24580077116663
2024-03-22,88.4559326171875,89.49934372799174,87.82208307739563,89.46033680125572,6493800.0,2024,3,22,89.12488555908203,89.30236358642578,90.06249465942383,41.72186018694245,-0.5762672117130592,90.60848385505922,89.82309494018554,1.2339565109836708,92.29100796215289,87.3551819182182,17.18726726077135,-1.0364455835980335,1.3944644213075068,89.38233184814453,90.32822193765975,90.8548042974848,89.36282466455249
2024-03-25,88.41693115234375,88.85575352537401,88.22190394642654,88.39743140767644,6903000.0,2024,3,25,89.23995208740234,89.26823348999024,89.82309494018554,47.06511047689345,-0.6114085729752787,90.57852137813403,89.64708023071289,1.1657039985660773,91.97848822784505,87.31567223358073,17.227285846509773,-0.04409140652277266,1.3429210443959403,88.4559326171875,89.46033680125572,89.49934372799174,87.82208307739563
2024-03-26,88.11463165283203,88.73872760342955,87.9878647203018,88.71922785989051,6216100.0,2024,3,26,89.17364349365235,89.13171310424805,89.64708023071289,43.026995114557536,-0.6560884192474532,90.54855646175768,89.46326446533203,1.0977229976089775,91.65871046054998,87.26781847011408,17.200151560335154,-0.34190227547126195,1.3331695753059674,88.41693115234375,88.39743140767644,88.85575352537401,88.22190394642654
2024-03-27,89.22630310058594,89.54810466781471,88.34866584442133,88.39742636302348,5863700.0,2024,3,27,88.93375854492187,88.93278274536132,89.46326446533203,52.83801295896328,-0.5949368622980273,90.53355939599847,89.39012832641602,1.0598312069971825,91.50979074041038,87.27046591242166,17.272001784521613,1.261619582243556,1.3345624223806587,88.11463165283203,88.71922785989051,88.73872760342955,87.9878647203018
2024-03-28,89.1190414428711,89.94791823187953,89.03128143171291,89.50910329646655,6784300.0,2024,3,28,88.71922607421875,88.92205581665038,89.39012832641602,51.70283337262742,-0.5488026765593617,90.51523746206233,89.21898956298828,0.757286723647751,90.73356301028379,87.70441611569278,17.25453704825239,-0.12021304703605518,1.335258580706005,89.22630310058594,88.39742636302348,89.54810466781471,88.34866584442133
2024-04-01,89.25555419921875,89.78213653972219,88.75822519321933,89.53834883244154,4990200.0,2024,4,1,88.66656799316407,88.89572677612304,89.21898956298828,46.93876826892713,-0.4955135911972519,90.50334918297001,89.13951416015625,0.6540190819469912,90.44755232405024,87.83147599626227,17.311084050020163,0.15318023414241377,1.2760533157299585,89.1190414428711,89.50910329646655,89.94791823187953,89.03128143171291
2024-04-02,87.08097839355469,88.97276608151799,87.0127181281098,88.8459991427806,8276800.0,2024,4,2,88.82649230957031,89.03322219848633,89.13951416015625,35.54103830835713,-0.6215864394001613,90.45060388174541,88.98544082641601,0.7554534451324957,90.496347716681,87.47453393615102,16.997398211688996,-2.4363478835282337,1.3310787644927566,89.25555419921875,89.53834883244154,89.78213653972219,88.75822519321933
2024-04-03,86.49588775634766,87.60755926302058,86.44713467190742,87.37352511419772,6316400.0,2024,4,3,88.5593017578125,88.86647262573243,88.98544082641601,36.182309510382375,-0.7599517537591254,90.40463107365011,88.86257209777833,0.9385989780671373,90.7397700539126,86.98537414164406,16.864667383786127,-0.671892585499867,1.274658967220823,87.08097839355469,88.8459991427806,88.97276608151799,87.0127181281098
2024-04-04,85.44271850585938,87.11997168603912,85.43296491440071,86.91519090426968,8057600.0,2024,4,4,88.23555297851563,88.58465576171875,88.86257209777833,32.525885984581095,-0.94371070944959,90.33212441537964,88.66607894897462,1.2009095381734394,91.0678980253215,86.26425987262773,16.86518194789479,-1.217594590687343,1.3046100465887187,86.49588775634766,87.37352511419772,87.60755926302058,86.44713467190742
2024-04-05,84.69184875488281,85.74501344501157,84.67234901164804,85.71576011025417,7153300.0,2024,4,5,87.47883605957031,88.09903106689453,88.66607894897462,34.84700388653634,-1.1368253049037804,90.25989200338938,88.46617317199707,1.4937797236182244,91.45373261923352,85.47861372476062,16.544134852002923,-0.8787989943520702,1.2474940844098572,85.44271850585938,86.91519090426968,87.11997168603912,85.43296491440071
2024-04-08,85.02340698242188,85.18918084524768,84.21402997242187,84.80887260003047,6322900.0,2024,4,8,86.59339752197266,87.62998275756836,88.46617317199707,31.347683110945397,-1.248721550371556,90.20127913382069,88.27748184204101,1.676888237691706,91.63125831742443,84.9237053666576,16.599621849595664,0.3914877670207373,1.2259023120776007,84.69184875488281,85.71576011025417,85.74501344501157,84.67234901164804
2024-04-09,84.96489715576172,85.42321927947276,84.16527369731196,85.02341127015343,6242700.0,2024,4,9,85.74696807861328,87.2867301940918,88.27748184204101,27.057674862620445,-1.3268265544987514,90.14404337532426,88.03661994934082,1.7914427616044202,91.61950547254966,84.45373442613197,16.569031079411356,-0.06881613985694202,1.2433157319256398,85.02340698242188,84.80887260003047,85.18918084524768,84.21402997242187
2024-04-10,83.814208984375,84.71135338212672,83.47290768948534,84.17501746172135,7413900.0,2024,4,10,85.3237518310547,86.9415267944336,88.03661994934082,16.380162804863573,-1.464692191865737,90.06292833256954,87.72213363647461,1.9541185280733673,91.63037069262134,83.81389658032788,16.50994955624488,-1.3543100855841983,1.2725708354102028,84.96489715576172,85.02341127015343,85.42321927947276,84.16527369731196
2024-04-11,83.76545715332031,84.1652651219041,83.1413612220112,83.86297074762291,6841600.0,2024,4,11,84.78741607666015,86.5114845275879,87.72213363647461,17.9999739206405,-1.5599039661619827,89.98932786528924,87.44372787475587,2.1033977999728113,91.65052347470149,83.23693227481024,16.376754921973404,-0.0581665467531578,1.2391368544788162,83.814208984375,84.17501746172135,84.71135338212672,83.47290768948534
2024-04-12,82.80980682373047,83.38514968300511,82.1954644782298,83.2973822394705,8591200.0,2024,4,12,84.45196380615235,85.96539993286133,87.44372787475587,17.940180337541562,-1.6929576165760523,89.88548454238742,87.11510162353515,2.2897540487933887,91.69460972112194,82.53559352594837,16.41651528771157,-1.1408644590104378,1.2314748562284166,83.76545715332031,83.86297074762291,84.1652651219041,83.1413612220112
2024-04-15,83.05360412597656,84.22378972281903,82.80981638994413,83.27789211664337,9676900.0,2024,4,15,84.07555541992187,85.33447647094727,87.11510162353515,20.238151686858387,-1.7584607474440759,89.7759660594888,86.87375183105469,2.4533680203733574,91.7804878718014,81.96701579030798,16.673736844430174,0.29440631683279594,1.287198664809923,82.80980682373047,83.2973822394705,83.38514968300511,82.1954644782298
2024-04-16,83.2973861694336,84.04825651139306,82.32223529194603,82.71229713090321,8866800.0,2024,4,16,83.68159484863281,84.71428146362305,86.87375183105469,23.093693057948997,-1.7702944248860462,89.68218289184337,86.60119743347168,2.5355510966676604,91.672299626807,81.53009524013636,16.753232552459867,0.2935237380996325,1.3568528316898718,83.05360412597656,83.27789211664337,84.22378972281903,82.80981638994413
2024-04-17,84.06775665283203,84.27253744529517,83.21937270707548,83.86297586036889,6870100.0,2024,4,17,83.34809265136718,84.33592224121094,86.60119743347168,20.045330216807088,-1.6979374734952728,89.61990948336762,86.33888244628906,2.511383591172883,91.36164962863482,81.3161152639433,17.00883631642573,0.9248435260998944,1.3296879547782297,83.2973861694336,82.71229713090321,84.04825651139306,82.32223529194603
2024-04-18,84.98440551757812,85.4524738003282,83.91174097648039,84.29204924614403,11403300.0,2024,4,18,83.3988021850586,84.09310913085938,86.33888244628906,28.053891851833853,-1.5487748531552938,89.5361104803735,86.07315444946289,2.3460383881403475,90.76523122574359,81.38107767318219,17.229749837927923,1.0903691275259142,1.37426624218403,84.06775665283203,83.86297586036889,84.27253744529517,83.21937270707548
2024-04-19,85.4329605102539,85.89128256764876,84.95513871075737,84.9843920438149,11898200.0,2024,4,19,83.64259185791016,84.04727783203126,86.07315444946289,30.36073361842905,-1.3784775317848244,89.46014880317281,85.87568588256836,2.215416591209993,90.30651906498835,81.44485270014837,17.473202709186396,0.5278085902277629,1.367997135783211,84.98440551757812,84.29204924614403,85.4524738003282,83.91174097648039
2024-04-22,85.98880767822266,86.40812286778234,85.16967704381749,85.89129407502969,8669000.0,2024,4,22,84.16722259521484,84.12138900756835,85.87568588256836,43.26924794884454,-1.1850034742146107,89.41394865755167,85.75232963562011,2.131272548397189,90.0148747324145,81.48978453882573,17.42640546283751,0.6506237927948577,1.296254975272918,85.4329605102539,84.9843920438149,85.89128256764876,84.95513871075737
2024-04-23,85.68651580810547,86.60315263297586,85.15017981498085,86.56414570258396,5670500.0,2024,4,23,84.75426330566407,84.21792907714844,85.75232963562011,44.83192024615193,-1.0440313734585231,89.38177919525381,85.61580886840821,2.0369688866037254,89.68974664161566,81.54187109520076,17.16149412272732,-0.3515479261538168,1.3171512771930511,85.98880767822266,85.89129407502969,86.40812286778234,85.16967704381749
2024-04-24,86.54464721679688,86.72992827890205,84.78937252267251,84.89663972285851,7183900.0,2024,4,24,85.23208923339844,84.29009094238282,85.61580886840821,57.215870598744594,-0.853230425751633,89.35109394286945,85.53730964660645,1.9645675226216117,89.46644469184967,81.60817460136322,17.3415941734489,1.0014777711503386,1.3352619189495607,85.68651580810547,86.56414570258396,86.60315263297586,85.15017981498085
2024-04-25,85.65724182128906,87.5002836589885,85.50122156359251,87.32475621919855,7284600.0,2024,4,25,85.7274673461914,84.563134765625,85.53730964660645,56.21072161305206,-0.7648092541043923,89.31102221831881,85.35885658264161,1.76366524109227,88.88618706482615,81.83152610045707,17.22922928809351,-1.02537294222812,1.4014331805233076,86.54464721679688,84.89663972285851,86.72992827890205,84.78937252267251
2024-04-26,86.05706024169922,87.03221106596776,85.19893019467463,85.22818352903303,7185300.0,2024,4,26,85.86203460693359,84.75231323242187,85.35885658264161,56.5919677862903,-0.6549232854693656,89.27657233266369,85.20575752258301,1.5386169163913945,88.28299135536581,82.12852368980022,17.147197968836917,0.46676546186756873,1.4627281804138303,85.65724182128906,87.32475621919855,87.5002836589885,85.50122156359251
2024-04-29,86.13507843017578,86.40811948434919,85.67675632932297,86.04731098287105,8522800.0,2024,4,29,85.98685455322266,85.07703857421875,85.20575752258301,57.444131881956224,-0.5551431037204964,89.23761142096535,85.04973373413085,1.2344914586613565,87.51871665145357,82.58075081680813,17.102177307297147,0.09065867258006843,1.4251151499042172,86.05706024169922,85.22818352903303,87.03221106596776,85.19893019467463
2024-04-30,86.29109954833984,86.77867498981055,85.01365427242604,85.43296944968328,14538400.0,2024,4,30,86.01610870361328,85.38518600463867,85.04973373413085,68.0397545734096,-0.4581952014287225,89.1765673568629,85.01023979187012,1.177402423209041,87.3650446382882,82.65543494545204,17.408934058581742,0.18113539919806243,1.444617382126227,86.13507843017578,86.04731098287105,86.40811948434919,85.67675632932297
2024-05-01,72.5902328491211,75.07686309364915,70.86421164992765,73.9359383659312,66610700.0,2024,5,1,86.13702545166015,85.6845573425293,85.01023979187012,22.766210861023097,-1.4699639012639665,87.73866222137957,84.3149570465088,2.9799356538533703,90.27482835421553,78.35508573880206,14.692539306073924,-15.877496950358816,2.4734019534490335,86.29109954833984,85.43296944968328,86.77867498981055,85.01365427242604
2024-05-02,73.06805419921875,73.28258857867637,71.52731405566914,73.03880086380373,23883400.0,2024,5,2,83.346142578125,84.5368049621582,84.3149570465088,25.69347228604572,-2.2077916478363306,87.29639354245444,83.69622383117675,3.88170252550078,91.45962888217831,75.9328187801752,14.652205234931563,0.6582446857427815,2.48663637115737,72.5902328491211,73.9359383659312,75.07686309364915,70.86421164992765
2024-05-03,71.29328155517578,73.63364515918197,71.17626077104168,73.39960359091378,22153800.0,2024,5,3,80.82830505371093,83.34516983032226,83.69622383117675,22.739611971835714,-2.902279105811445,86.86106520675767,83.0262954711914,4.75809727227373,92.54249001573886,73.51010092664394,14.121274683944861,-2.4289310335322223,2.5611650489467785,73.06805419921875,73.03880086380373,73.28258857867637,71.52731405566914
2024-05-06,71.08849334716797,72.34643874609573,70.89345872728961,71.48830129825103,18632200.0,2024,5,6,77.87554931640625,81.93120193481445,83.0262954711914,21.648575310099574,-3.4296551865639344,86.50828286055885,82.32954978942871,5.423942427398335,93.17743464422539,71.48166493463204,13.936788675234693,-0.2872475548054587,2.5416621060438556,71.29328155517578,73.39960359091378,73.63364515918197,71.17626077104168
2024-05-07,70.69843292236328,71.03973421402645,70.01583033903694,71.03973421402645,21901300.0,2024,5,7,74.8662322998047,80.44117050170898,82.32954978942871,18.395597894896326,-3.834873116350849,86.10327147020547,81.6162265777588,5.969770785544426,93.55576814884765,69.67668500666994,13.845040892734511,-0.5486969922119278,2.5430548396089514,71.08849334716797,71.48830129825103,72.34643874609573,70.89345872728961
2024-05-08,71.673583984375,72.61948145317788,70.45464548123937,70.49365240611694,24482600.0,2024,5,8,71.74769897460938,78.94236221313477,81.6162265777588,18.620686926299413,-4.030859465324269,85.70155288287096,81.00919532775879,6.340265550296672,93.68972642835213,68.32866422716545,14.03465075555016,1.3793107169469687,2.587633635901144,70.69843292236328,71.03973421402645,71.03973421402645,70.01583033903694
2024-05-09,73.7994155883789,73.87742944083699,71.25427131046477,71.74184672861215,18591500.0,2024,5,9,71.56436920166016,77.45525588989258,81.00919532775879,24.58462535443769,-3.9688922949376177,85.45514124685054,80.51089324951172,6.501814415315614,93.51452208014295,67.5072644188805,14.368128858198444,2.9659903772460083,2.708134655435489,71.673583984375,70.49365240611694,72.61948145317788,70.45464548123937
2024-05-10,74.21873474121094,74.41376194304517,73.19482333205407,73.43861105425229,15761900.0,2024,5,10,71.71064147949218,76.26947326660157,80.51089324951172,24.132046156730198,-3.8416630148368256,85.26132010024672,80.08133964538574,6.6245720903649925,93.33048382611572,66.83219546465575,14.431177687590809,0.5681876333151648,2.7067412830802207,73.7994155883789,71.74184672861215,73.87742944083699,71.25427131046477
2024-05-13,74.28700256347656,74.93059834685491,73.91644786636853,74.32600949577397,10953600.0,2024,5,13,72.29573211669921,75.08564071655273,80.08133964538574,24.686057074740788,-3.6927564532684585,85.1313257499928,79.64300956726075,6.707071967459092,93.05715350217893,66.22886563234256,14.442513227795756,0.09198192680548445,2.675396830401032,74.21873474121094,73.43861105425229,74.41376194304517,73.19482333205407
2024-05-14,73.75065612792969,74.82332801508011,73.64338893921465,74.33575258994284,10961100.0,2024,5,14,72.93543395996093,73.90083312988281,79.64300956726075,21.177549159939446,-3.57679454429676,84.99800602052706,79.16567306518554,6.772699963576893,92.71107299233933,65.62027313803176,14.272751927504817,-0.7219922961470671,2.6210670675178838,74.28700256347656,74.32600949577397,74.93059834685491,73.91644786636853
2024-05-15,73.81892395019531,74.14072554929851,73.44836926747158,74.0139586041115,8826500.0,2024,5,15,73.54587860107422,72.6467887878418,79.16567306518554,22.308483033575925,-3.4397341392601675,84.89353651596994,78.65323143005371,6.770000408715282,92.19323224748427,65.11323061262314,14.111225037572202,0.09256571514049128,2.527730937977237,73.75065612792969,74.33575258994284,74.82332801508011,73.64338893921465
2024-05-16,73.96630096435547,74.23159344047596,73.16061093776732,73.87787513648551,10758500.0,2024,5,16,73.97494659423828,72.76965789794922,78.65323143005371,21.37998614473193,-3.281394810660217,84.77047054531712,78.10232620239258,6.675323077584677,91.45297235756193,64.75168004722322,14.168551927086895,0.19964665735250353,2.473281054506917,73.81892395019531,74.0139586041115,74.14072554929851,73.44836926747158
2024-05-17,76.491455078125,76.63883895999149,73.61258557118792,73.95647629803932,14436500.0,2024,5,17,74.0083236694336,72.85948257446289,78.10232620239258,29.542628876474296,-2.918508173072823,84.64721616498424,77.65525093078614,6.454284607372397,90.56382014553094,64.74668171604134,14.631220249811685,3.413925099467141,2.6372017854910133,73.96630096435547,73.87787513648551,74.23159344047596,73.16061093776732
2024-05-20,76.1868667602539,76.95325394583301,75.37134911559694,76.32442305016525,11183800.0,2024,5,20,74.4628677368164,73.37929992675781,77.65525093078614,28.699781204987318,-2.625233571567321,84.5507534928578,77.1651538848877,6.1533135608637135,89.47178100661513,64.85852676316027,14.556189186226584,-0.3981991420610287,2.6241220792661246,76.491455078125,73.95647629803932,76.63883895999149,73.61258557118792
2024-05-21,76.36372375488281,76.854998346722,76.14756173507271,76.2065122872917,8916600.0,2024,5,21,74.84284057617188,73.8891372680664,77.1651538848877,68.50729703860198,-2.351434581396674,84.47700091685184,76.69901428222656,5.817781483617393,88.33457724946135,65.06345131499177,14.554286741294892,0.23213580259895394,1.5727327016402026,76.1868667602539,76.32442305016525,76.95325394583301,75.37134911559694
2024-05-22,79.31137084960938,79.60613110526378,76.08861074508698,76.34406813406974,22072200.0,2024,5,22,75.3654541015625,74.45566635131836,76.69901428222656,74.64902599593242,-1.8749827885908132,84.36432210147484,76.33735046386718,5.382021489884299,87.10139344363579,65.57330748409858,15.159730226654409,3.8600096351876667,1.6986074042951722,76.36372375488281,76.2065122872917,76.854998346722,76.14756173507271
2024-05-23,76.94342041015625,79.29171224454356,76.2851142884044,78.70218426243363,15841300.0,2024,5,23,76.46394348144531,75.2194450378418,76.33735046386718,71.3090456873766,-1.669223353060076,84.24993568261985,75.90165939331055,4.920779584793782,85.74321856289812,66.06010022372298,14.815331477265916,-2.985638016449421,1.73924113094265,79.31137084960938,76.34406813406974,79.60613110526378,76.08861074508698
2024-05-24,77.49365234375,77.83754303894284,76.74691290829203,77.13010646811475,10744400.0,2024,5,24,77.05936737060547,75.53384552001953,75.90165939331055,73.54309837636899,-1.4451001840463533,84.18003198221211,75.47348899841309,4.327409825396364,84.12830864920582,66.81866934762036,14.823200040161908,0.7151123912358948,1.7133589960744138,76.94342041015625,78.70218426243363,79.29171224454356,76.2851142884044
2024-05-28,76.12791442871094,77.42487905777236,76.05913628536129,77.41505146693514,8833300.0,2024,5,28,77.25980682373047,75.86133728027343,75.47348899841309,68.62124600246067,-1.3619844843487385,84.11211714268973,74.97313079833984,3.535940707160479,82.0450122126608,67.90124938401888,14.551788196818318,-1.7623868197370052,1.7392056425213909,77.49365234375,77.13010646811475,77.83754303894284,76.74691290829203
2024-05-29,75.53837585449219,76.9532490274422,75.48925289480954,75.75453786661012,9268100.0,2024,5,29,77.24801635742188,76.04542846679688,74.97313079833984,63.6150232218113,-1.328372873875466,84.03690875764796,74.43549461364746,2.3395533650706017,79.11460134378866,69.75638788350626,14.540921798621714,-0.7744052607283947,1.689145653999544,76.12791442871094,77.41505146693514,77.42487905777236,76.05913628536129
2024-05-30,77.38558197021484,77.50348308404514,75.71524372714451,75.75454659717327,9296600.0,2024,5,30,77.08294677734375,76.22420043945313,74.43549461364746,62.88644588222393,-1.1395453649982983,83.97889473231885,74.67526206970214,2.385757573429504,79.44677721656114,69.90374692284314,14.99598543176257,2.4453876520735385,1.6421420182267394,75.53837585449219,75.75453786661012,76.9532490274422,75.48925289480954
2024-05-31,78.82009887695312,78.928179889824,77.23819404812205,77.6999933765238,12669700.0,2024,5,31,76.69778900146484,76.58086624145508,74.67526206970214,65.4101153682627,-0.864182915454478,83.91829324407851,74.96286430358887,2.524482217942145,80.01182873947316,69.91389986770459,15.136107803240566,1.8537263275869797,1.6757882489917992,77.38558197021484,75.75454659717327,77.50348308404514,75.71524372714451
2024-06-03,80.64764404296875,80.68694691242386,78.2305737933977,78.28952434945245,12443400.0,2024,6,3,77.07312469482422,77.06624603271484,74.96286430358887,69.05642902074374,-0.49280778743508336,83.88098887478017,75.43058242797852,2.6711211638322587,80.77282475564304,70.088340100314,15.474437971246068,2.3186283600945767,1.7788041517446413,78.82009887695312,77.6999933765238,78.928179889824,77.23819404812205
2024-06-04,81.34524536132812,81.97407622020408,80.47077721394577,80.53955535487735,12370000.0,2024,6,4,77.70392303466797,77.48186492919922,75.43058242797852,72.53557922875751,-0.1405792168677351,83.85255964144919,75.94342002868652,2.77614205139575,81.49570413147802,70.39113592589501,15.590863632870136,0.864999004791378,1.8019012896298452,80.64764404296875,78.28952434945245,80.68694691242386,78.2305737933977
2024-06-05,79.74369812011719,81.06031047385343,79.54718377879082,81.02100760558817,11275300.0,2024,6,5,78.74738922119141,77.99770278930664,75.94342002868652,66.11438095388291,0.009226626492903733,83.81099499373852,76.39568328857422,2.6084247293282914,81.6125327472308,71.17883382991764,15.104389151324849,-1.968827107345994,1.880880239680586,81.34524536132812,80.53955535487735,81.97407622020408,80.47077721394577
2024-06-06,80.04828643798828,81.48280740474836,79.50788136656072,79.73387098631834,9237800.0,2024,6,6,79.58845367431641,78.33570022583008,76.39568328857422,66.40170556109702,0.1507883738393332,83.7800664774678,76.81441841125488,2.479497165406522,81.77341274206792,71.85542408044184,15.162365708996727,0.38195910780598474,1.945447635071942,79.74369812011719,81.02100760558817,81.06031047385343,79.54718377879082
2024-06-07,80.00898742675781,81.18804355329887,79.20329732449503,80.19567418702496,10852600.0,2024,6,7,80.1209945678711,78.40939178466797,76.81441841125488,60.954730742436354,0.25684522486626804,83.74399900585995,77.12489700317383,2.470854398615392,82.06660580040462,72.18318820594304,15.173367198872498,-0.049094131778715244,1.8710542665005332,80.04828643798828,79.73387098631834,81.48280740474836,79.50788136656072
2024-06-10,80.17601013183594,80.42164742237236,79.42927066965377,80.0679291242995,8700800.0,2024,6,10,80.35877227783203,78.71594848632813,77.12489700317383,62.53084990684514,0.35033493676122873,83.71684827486519,77.42276077270508,2.4611332803687525,82.34502733344257,72.50049421196758,15.158207570150648,0.20875492922720618,1.8289451181064271,80.00898742675781,80.19567418702496,81.18804355329887,79.20329732449503
2024-06-11,78.495849609375,79.55700447176073,78.35829333050148,79.5078740166252,9024300.0,2024,6,11,80.26444549560547,78.98418426513672,77.42276077270508,56.1195558109306,0.28555954187565646,83.67596442734221,77.633203125,2.3566164849194555,82.34643609483891,72.91997015516108,14.804899418395232,-2.0955900894771395,1.908250845941082,80.17601013183594,80.0679291242995,80.42164742237236,79.42927066965377
2024-06-12,77.99475860595703,78.78080102299923,77.7982517498245,78.5941142622941,8873400.0,2024,6,12,79.69456634521484,79.22097778320312,77.633203125,45.603683132782415,0.1915822773265461,83.63255499568493,77.84540824890136,2.172496923528071,82.19040209595751,73.50041440184522,14.590555872783057,-0.6383662396312495,1.727181482583791,78.495849609375,79.5078740166252,79.55700447176073,78.35829333050148
2024-06-13,78.83975219726562,79.48823832083625,77.79825235835584,78.11266782838084,13947300.0,2024,6,13,79.34477844238282,79.46661605834962,77.84540824890136,57.04899436207503,0.1831769887120771,83.57567645987511,78.09644966125488,1.9626891197864471,82.02182790082777,74.17107142168199,14.718993934119107,1.0833979185417508,1.6317335826748933,77.99475860595703,78.5941142622941,78.78080102299923,77.7982517498245
2024-06-14,78.26004791259766,78.99695983739376,77.72947042719377,78.60393864491803,7192400.0,2024,6,14,79.10307159423829,79.61203308105469,78.09644966125488,52.8425969892293,0.12825994513794114,83.54334335322167,78.31113700866699,1.7050643763768814,81.72126576142075,74.90100825591323,14.60188254471569,-0.7352944022673835,1.6443663883569772,78.83975219726562,78.11266782838084,79.48823832083625,77.79825235835584
2024-06-17,79.91072082519531,80.32338965182832,77.88666456342686,78.1912598846363,9845900.0,2024,6,17,78.75328369140625,79.55602798461913,78.31113700866699,63.74018301030333,0.21544973086241725,83.51334527796246,78.4821002960205,1.68430062277156,81.85070154156362,75.11349905047739,14.792138974949143,2.1092153105262135,1.7159527476436023,78.26004791259766,78.60393864491803,78.99695983739376,77.72947042719377
2024-06-18,78.8004379272461,80.2840892256723,78.20108235292342,79.5963078270668,9664500.0,2024,6,18,78.70022583007812,79.48233566284179,78.4821002960205,61.41680351397178,0.19273597305104317,83.4754504563143,78.61277885437012,1.5959192586258557,81.80461737162183,75.42094033711841,14.549648149894917,-1.3894041831733261,1.7601678005090469,79.91072082519531,78.1912598846363,80.32338965182832,77.88666456342686
2024-06-20,78.32882690429688,79.37032670377887,78.27969644361134,78.42708032941212,10183900.0,2024,6,20,78.76114349365234,79.2278549194336,78.61277885437012,53.65297599666238,0.13512248036468577,83.43221063153226,78.71103401184082,1.5082493454164558,81.72753270267374,75.6945353210079,14.501968265476501,-0.598487819807092,1.6977051598386592,78.8004379272461,79.5963078270668,80.2840892256723,78.20108235292342
2024-06-21,78.5155029296875,78.84956602867835,77.77859109764378,78.60392875133044,25650600.0,2024,6,21,78.82795715332031,79.08636779785157,78.71103401184082,48.6941555578524,0.10333538150636912,83.33032219133797,78.67124061584472,1.5020628529326294,81.67536632170999,75.66711490997946,14.556042832218374,0.23832353013368834,1.65349009479099,78.32882690429688,78.42708032941212,79.37032670377887,78.27969644361134
2024-06-24,78.33865356445312,78.672716705125,77.78842089708807,78.60393855873633,7396600.0,2024,6,24,78.76310729980469,78.93308944702149,78.67124061584472,38.46900037034045,0.06314570646755158,83.30067091401095,78.74100227355957,1.4490574282119415,81.63911712998346,75.84288741713569,14.570622593889945,-0.22524133277570524,1.5411988582917584,78.5155029296875,78.60392875133044,78.84956602867835,77.77859109764378
2024-06-25,77.89649963378906,79.34084816195873,77.49365835851187,78.60393625952567,16177000.0,2024,6,25,78.77882843017578,78.76605606079102,78.74100227355957,32.326184056602,-0.0043330784901058905,83.23136237215252,78.76114463806152,1.4335228916920357,81.6281904214456,75.89409885467745,14.432802951390558,-0.5644134926320654,1.565762486662369,78.33865356445312,78.60393855873633,78.672716705125,77.78842089708807
2024-06-26,77.76876831054688,77.8964970040045,77.01220125168754,77.62138443578485,10708100.0,2024,6,26,78.37598419189453,78.53810501098633,78.76114463806152,38.07818003625485,-0.06734108589803611,83.18537911596283,78.84318733215332,1.3171152510414834,81.47741783423629,76.20895683007035,14.391174440216748,-0.16397569061855632,1.5004936866312417,77.89649963378906,78.60393625952567,79.34084816195873,77.49365835851187
2024-06-27,77.85719299316406,78.05370732204314,77.30696786481296,77.67051375104788,10289600.0,2024,6,27,78.16965026855469,78.46539688110352,78.84318733215332,36.41885341643692,-0.10888509324934148,83.14262603252695,78.95912818908691,1.0940657969606582,81.14725978300822,76.7709965951656,14.384861375631067,0.11370204844198817,1.4127660737057093,77.76876831054688,77.62138443578485,77.8964970040045,77.01220125168754
2024-06-28,76.491455078125,77.50347957268296,76.25564536489199,77.34627559594617,13207500.0,2024,6,28,78.07532348632813,78.45164031982422,78.95912818908691,31.276001604972166,-0.24914071510032443,83.07482157968754,78.91442184448242,1.176882794508303,81.26818743349902,76.56065625546582,14.188361733960008,-1.7541576603705367,1.3853947450962971,77.85719299316406,77.67051375104788,78.05370732204314,77.30696786481296
2024-07-01,75.78401947021484,76.85500202980114,75.44012873869842,76.62901240837279,6767600.0,2024,7,1,77.67051391601562,78.21681060791016,78.91442184448242,27.89309120457878,-0.4126219976362506,83.03693487962495,78.7626178741455,1.3697030493120264,81.50202397276956,76.02321177552145,14.028268085139075,-0.9248557334771701,1.4155730692665927,76.491455078125,77.34627559594617,77.50347957268296,76.25564536489199
2024-07-02,75.4892578125,75.8626238146822,74.9488527470009,75.77419798373992,8854100.0,2024,7,2,77.15958709716797,77.96920776367188,78.7626178741455,32.413737705503294,-0.5595171290403727,82.9859675469427,78.50469856262207,1.4774935645685907,81.45968569175925,75.54971143348489,13.880294557408046,-0.3889496225925271,1.3510055168627955,75.78401947021484,76.62901240837279,76.85500202980114,75.44012873869842
2024-07-03,74.92920684814453,75.69559405294464,74.7425200944732,75.49907970796015,4906700.0,2024,7,3,76.67813873291016,77.52706146240234,78.50469856262207,32.19169825235696,-0.7129060738321868,82.95593017225863,78.18389663696288,1.5240858314000703,81.23206829976303,75.13572497416274,13.71610692716735,-0.7418949140373332,1.348900137241132,75.4892578125,75.77419798373992,75.8626238146822,74.9488527470009
2024-07-05,74.72286987304688,74.93902440081288,74.10385907766604,74.90954912412913,9663100.0,2024,7,5,76.11022644042968,77.13993835449219,78.18389663696288,24.16754273590199,-0.8414182414252309,82.8959216782824,77.93285522460937,1.6609953355138554,81.25484589563708,74.61086455358166,13.59991401877257,-0.2753758964989861,1.287841520145877,74.92920684814453,75.49907970796015,75.69559405294464,74.7425200944732
2024-07-08,73.26869201660156,75.1158817754383,73.17043859790111,75.0078007659912,8871200.0,2024,7,8,75.48336181640624,76.77934265136719,77.93285522460937,21.777617494221587,-1.0485183927154083,82.8319301769762,77.59387550354003,1.883451881014532,81.3607792655691,73.82697174151097,13.319876063443143,-1.9460947617723212,1.3362667892413913,74.72286987304688,74.90954912412913,74.93902440081288,74.10385907766604
2024-07-09,71.48045349121094,73.33747085849866,71.46080580578567,73.32764326765832,11816900.0,2024,7,9,74.83880920410157,76.2546615600586,77.59387550354003,3.063322368421055,-1.3414789247520957,82.7323056723271,77.16744880676269,2.2396521971351873,81.64675320103306,72.68814441249232,12.982157533024177,-2.4406584533888442,1.2962625009779296,73.26869201660156,75.0078007659912,75.1158817754383,73.17043859790111
2024-07-10,71.24463653564453,71.89311503627115,71.08742508321707,71.7162559004176,11132500.0,2024,7,10,73.97809600830078,75.56884155273437,77.16744880676269,3.3937899423042523,-1.5745305069940798,82.63810394391155,76.72088012695312,2.485162173623359,81.69120447419984,71.7505557797064,12.812545826827936,-0.3299041123114854,1.205025578142587,71.48045349121094,73.32764326765832,73.33747085849866,71.46080580578567
2024-07-11,72.02085876464844,72.21736560452592,70.82214755113162,71.07760494372128,12316100.0,2024,7,11,73.1291717529297,74.90365524291992,76.72088012695312,12.499954644247623,-1.6772565488073496,82.5426492901625,76.39713058471679,2.6575413882560563,81.7122133612289,71.08204780820468,13.064794302991597,1.0895167225894342,1.2267818490873563,71.24463653564453,71.7162559004176,71.89311503627115,71.08742508321707
2024-07-12,73.52416229248047,73.75014442243335,72.09946137998152,72.5121377627864,10559300.0,2024,7,12,72.54750213623046,74.32886428833008,76.39713058471679,24.343493841811053,-1.6187042312122628,82.4736656484085,76.17360076904296,2.7037032918769954,81.58100735279696,70.76619418528897,13.253897903099826,2.0873168601676317,1.273804043855238,72.02085876464844,71.07760494372128,72.21736560452592,70.82214755113162
2024-07-15,71.48045349121094,73.59293574655966,71.25446387941555,73.58310815571932,9064400.0,2024,7,15,72.3077606201172,73.89556121826172,76.17360076904296,20.42375212382754,-1.7174140379702436,82.40195252811718,75.80563583374024,2.8200366027914145,81.44570903932306,70.16556262815742,12.850146475786756,-2.779642416243544,1.377673762362894,73.52416229248047,72.5121377627864,73.75014442243335,72.09946137998152
2024-07-16,74.19229125976562,74.19229125976562,70.30139737615082,70.94987594195891,14968700.0,2024,7,16,71.95011291503906,73.39446105957032,75.80563583374024,36.640702989399905,-1.558850172406224,82.31445599886041,75.60224800109863,2.780107270107451,81.16246254131353,70.04203346088373,13.259031191432483,3.793817241084141,1.5236526252320328,71.48045349121094,73.58310815571932,73.59293574655966,71.25446387941555
2024-07-17,73.78944396972656,74.80146845385492,73.24904640345942,73.90735257325575,11567800.0,2024,7,17,72.49248046875,73.23528823852538,75.60224800109863,35.9277449878967,-1.4489905154300544,82.24481500753144,75.29618415832519,2.612729477163024,80.52164311265123,70.07072520399915,13.374563503016551,-0.5429772867218685,1.571375744395889,74.19229125976562,70.94987594195891,74.19229125976562,70.30139737615082
2024-07-18,72.89533233642578,73.79927586071852,72.52195881828958,73.16061733950406,10701000.0,2024,7,18,73.0014419555664,73.06530685424805,75.29618415832519,33.399138357488226,-1.4177305667185323,82.17469183806153,75.00092887878418,2.5281731753609438,80.05727522950606,69.9445825280623,13.314826012848183,-1.2117066956997324,1.6092741433386581,73.78944396972656,73.90735257325575,74.80146845385492,73.24904640345942
2024-07-19,77.88666534423828,77.99474634700016,72.89532151818825,73.35712080339725,32965900.0,2024,7,19,73.17633666992188,72.86191940307617,75.00092887878418,53.75658732366186,-0.9789136653473349,82.07785254979548,74.97882080078125,2.499308607819145,79.97743801641954,69.98020358514296,14.321630930351784,6.847260102713504,1.859122514805789,72.89533233642578,73.16061733950406,73.79927586071852,72.52195881828958
2024-07-22,75.21414184570312,77.1006344500849,74.6835643951729,76.96307816619802,18851500.0,2024,7,22,74.04883728027343,73.17829895019531,74.97882080078125,48.61244189792016,-0.8371482961750161,81.990341817448,74.81375274658203,2.3584856101027576,79.53072396678755,70.0967815263765,13.68907843911146,-3.431297882279738,1.9868530618031224,77.88666534423828,73.35712080339725,77.99474634700016,72.89532151818825
2024-07-23,74.92920684814453,75.793847477309,74.70321722547631,75.793847477309,9592100.0,2024,7,23,74.79557495117187,73.37284393310547,74.81375274658203,48.635715350381425,-0.7392682683247358,81.94482872897837,74.64328041076661,2.20876031694305,79.0608010446527,70.22575977688051,13.658646738926661,-0.37883168054103633,1.9994858606710793,75.21414184570312,76.96307816619802,77.1006344500849,74.6835643951729
2024-07-24,73.37677764892578,75.15518937709,72.7282915513873,75.03728826572359,10478200.0,2024,7,24,74.94295806884766,73.71771926879883,74.64328041076661,46.39268978975913,-0.7779974331281636,81.884922818692,74.41729431152343,2.086208096397668,78.58971050431877,70.2448781187281,13.685812169574483,-2.071861246796569,2.1047589940447406,74.92920684814453,75.793847477309,75.793847477309,74.70321722547631
2024-07-25,72.04051208496094,74.44775479489807,71.98156152763781,73.7501457136357,18973600.0,2024,7,25,74.8604248046875,73.93093338012696,74.41729431152343,44.078092333937235,-0.9060714114171731,81.76184592149227,74.13088150024414,1.9930020997836937,78.11688569981153,70.14487730067675,13.506955045620852,-1.8211014530486236,2.221260990052843,73.37677764892578,75.03728826572359,75.15518937709,72.7282915513873
2024-07-26,72.75776672363281,73.71083309137518,72.42369611840202,72.55142480778893,12387100.0,2024,7,26,74.68946075439453,73.9328987121582,74.13088150024414,48.83408034274222,-0.93887177751688,81.68894792082874,73.87591018676758,1.8088805706505298,77.49367132806864,70.25814904546652,13.49034778353577,0.9956267909728034,2.2016094064012037,72.04051208496094,73.7501457136357,74.44775479489807,71.98156152763781
2024-07-29,73.8876953125,74.27088889286993,72.43352672449497,73.09183287577096,10864700.0,2024,7,29,73.66368103027344,73.85625915527343,73.87591018676758,55.66342740010267,-0.8637339230412948,81.63394120890345,73.74572219848633,1.7012227030686868,77.14816760462371,70.34327679234896,13.691803450751225,1.5530006482457948,2.198802057519916,72.75776672363281,72.55142480778893,73.71083309137518,72.42369611840202
2024-07-30,74.61479187011719,74.72287288648667,73.5438092977985,73.93683049402789,16163600.0,2024,7,30,73.39839172363281,74.09698333740235,73.74572219848633,57.749693596813756,-0.7370201074110128,81.56107533096724,73.68726081848145,1.6467078271262952,76.98067647273403,70.39384516422886,13.896948940832443,0.984056350035023,2.2254716029223505,73.8876953125,73.09183287577096,74.27088889286993,72.43352672449497
2024-07-31,76.58970642089844,79.82229415803508,76.44233003928943,78.16179112311177,18901100.0,2024,7,31,73.33550872802735,74.1392333984375,73.68726081848145,59.95717494291877,-0.47180077080174954,81.50145086973045,73.74228324890137,1.72653798168798,77.19535921227734,70.2892072855254,14.036615236376013,2.6468137232346756,2.4977776196740353,74.61479187011719,73.93683049402789,74.72287288648667,73.5438092977985
2024-08-01,73.79927062988281,76.77639349107909,72.54160885979049,76.53075619234995,17307200.0,2024,8,1,73.97809448242188,74.41925964355468,73.74228324890137,50.5677107523242,-0.4812300628179429,81.41778306215386,73.68578643798828,1.7039946376907287,77.09377571336974,70.27779716260683,13.719490678082261,-3.6433561654888647,2.676741832067156,76.58970642089844,78.16179112311177,79.82229415803508,76.44233003928943
2024-08-02,74.55583190917969,75.33204669038808,73.61258556013365,73.79927231022022,15185700.0,2024,8,2,74.32984619140625,74.5096534729004,73.68578643798828,56.70236864823306,-0.4227811147634526,81.3529971551454,73.67743453979492,1.699046152944823,77.07552684568456,70.27934223390527,14.123088721521809,1.0251609166859854,2.632526779432179,73.79927062988281,76.53075619234995,76.77639349107909,72.54160885979049
2024-08-05,72.57108306884766,73.69118853487736,71.45097760281794,72.56125547809151,12372900.0,2024,8,5,74.68945922851563,74.17657012939453,73.67743453979492,46.35115898503167,-0.5304973038097813,81.28595765772234,73.64255409240722,1.714965228766686,77.0724845499406,70.21262363487385,14.15949465448407,-2.6620973698606942,2.5763810953426747,74.55583190917969,73.79927231022022,75.33204669038808,73.61258556013365
2024-08-06,74.05473327636719,74.6639089611598,72.55142675682599,72.63003248913962,10525500.0,2024,8,6,74.42613677978515,73.91226425170899,73.64255409240722,50.569383503008694,-0.4904909133879727,81.23930101956009,73.77126808166504,1.6390766950213587,77.04942147170776,70.49311469162232,14.316976028727579,2.044409625404109,2.6163853920525537,72.57108306884766,72.56125547809151,73.69118853487736,71.45097760281794
2024-08-07,73.97612762451172,75.4892542400464,73.84839893155456,73.98595521512543,7297000.0,2024,8,7,74.31412506103516,73.82481689453125,73.77126808166504,52.403831143003366,-0.45982777159996147,81.20695719734941,73.9078426361084,1.5274664974464065,76.96277563100121,70.85290964121559,14.398014670943219,-0.10614534463599945,2.642352411057047,74.05473327636719,72.63003248913962,74.6639089611598,72.55142675682599
2024-08-08,74.4281005859375,74.82112175824963,73.49468186091964,73.75996684188348,8988300.0,2024,8,8,73.79140930175781,73.88475189208984,73.9078426361084,40.361455261406576,-0.39450891690472645,81.16997617815701,74.02820472717285,1.4644945896560586,76.95719390648496,71.09921554786074,14.158672856202209,0.6109713713590148,2.3728534873797673,73.97612762451172,73.98595521512543,75.4892542400464,73.84839893155456
2024-08-09,73.77961730957031,74.5361844066476,73.44555417307276,74.32984997005988,4683600.0,2024,8,9,73.91717529296875,74.1235107421875,74.02820472717285,45.493814437931086,-0.39056820758699473,81.14902746284673,74.04097747802734,1.4609769212564838,76.9629313205403,71.11902363551438,13.973690203431447,-0.8712882248263498,2.2219627219875853,74.4281005859375,73.75996684188348,74.82112175824963,73.49468186091964
2024-08-12,75.68576049804688,77.06133081952856,74.95867621953356,75.1944859186788,13123000.0,2024,8,12,73.76193237304688,74.22569580078125,74.04097747802734,52.15683800931354,-0.23097283103409438,81.10597857276899,74.25124282836914,1.373037651747966,76.99731813186507,71.50516752487322,14.327181872012249,2.5835633986533324,2.378468668996554,73.77961730957031,74.32984997005988,74.5361844066476,73.44555417307276
2024-08-13,94.2264633178711,94.3345443221601,88.7143620841513,89.43161875306387,157215500.0,2024,8,13,74.38486785888672,74.40550231933594,74.25124282836914,80.19351266116479,1.375728875037879,82.23771575316496,75.25295143127441,4.672185171637564,84.59732177454954,65.90858108799928,17.548313360340362,24.49694988570892,3.537174811740163,75.68576049804688,75.1944859186788,77.06133081952856,74.95867621953356
2024-08-14,92.26136779785156,94.18716325554543,89.83447016865794,93.72536395007066,45737800.0,2024,8,14,78.4192138671875,76.36666946411133,75.25295143127441,78.75908708365651,2.4621031744939756,82.48309496311991,76.17654762268066,6.003686350009751,88.18392032270016,64.16917492266116,17.128304932524046,-2.0855027885216537,3.674731946165369,94.2264633178711,89.43161875306387,94.3345443221601,88.7143620841513
2024-08-15,93.22427368164062,93.30287942372718,91.35743603275014,92.47754162058689,21109800.0,2024,8,15,82.07626190185547,77.93383560180663,76.17654762268066,78.90647898154182,3.3620059790482486,82.60309826905821,77.1929946899414,7.048837318131982,91.29066932620536,63.09532005367744,17.015420514312734,1.043671806274138,3.694383545062711,92.26136779785156,93.72536395007066,94.18716325554543,89.83447016865794
2024-08-16,93.71851348876953,94.54884705237902,92.22590253843791,92.28520938528058,16336300.0,2024,8,16,85.83549652099609,79.87633590698242,77.1929946899414,78.52078359529766,4.068171112768596,82.69837740429483,77.98458709716797,7.960809483511382,93.90620606419074,62.06296813014521,17.06736532620235,0.5301621429808279,3.729067998317436,93.22427368164062,92.47754162058689,93.30287942372718,91.35743603275014
2024-08-19,91.23741149902344,93.79759084732292,91.06936286990633,93.26380662076997,14479000.0,2024,8,19,89.82327575683594,81.7926040649414,77.98458709716797,72.75851464852971,4.3771508039627065,82.76276152278727,78.78575057983399,8.458069937354553,95.70189045454309,61.869610705124884,16.458159696035178,-2.6473979338601072,3.8397225975123237,93.71851348876953,92.28520938528058,94.54884705237902,92.22590253843791
2024-08-20,91.9392318725586,92.73990439858092,91.06935797607831,91.22751960873354,11536200.0,2024,8,20,92.93360595703125,83.65923690795898,78.78575057983399,71.77455856011862,4.6253325199784,82.81756002137922,79.6362518310547,8.893859760163055,97.4239713513808,61.84853231072859,16.611771783885967,0.7692243368200735,3.5870828928398035,91.23741149902344,93.26380662076997,93.79759084732292,91.06936286990633
2024-08-21,91.71188354492188,92.3049746303898,91.15833287069347,91.42522121960722,6769200.0,2024,8,21,92.47615966796874,85.44768676757812,79.6362518310547,77.40324416486378,4.7489304933418595,82.84861715462922,80.55300712585449,9.155800997115543,98.86460912008558,62.24140513162341,16.513943310177368,-0.2472810823042959,3.366501259154641,91.9392318725586,91.22751960873354,92.73990439858092,91.06935797607831
2024-08-22,91.36591339111328,91.76130995769448,90.71350792501997,91.60314831443709,10010300.0,2024,8,22,92.36626281738282,87.22126235961915,80.55300712585449,76.04373839702944,4.764048887629457,82.89237169850955,81.5192771911621,9.229608988053231,99.97849516726856,63.060059215055645,16.581789541394627,-0.3772359049186158,3.3185256093275037,91.71188354492188,91.42522121960722,92.3049746303898,91.15833287069347
2024-08-23,92.93760681152344,93.333003385268,91.76131162012541,91.78107805510957,11483700.0,2024,8,23,91.99459075927734,88.91504364013672,81.5192771911621,81.96279669217722,4.846979880934455,82.95122412294674,82.52826919555665,9.323938764849684,101.17614672525602,63.880391665857275,16.689697771619343,1.7202185827028815,3.2372567298841446,91.36591339111328,91.60314831443709,91.76130995769448,90.71350792501997
2024-08-26,94.5290756225586,94.82562494788652,93.09577148045307,93.11553791607903,13882800.0,2024,8,26,91.83840942382812,90.83084259033203,82.52826919555665,82.02363169326578,4.983672844877816,83.03264997576257,83.56033821105957,9.458600532228688,102.47753927551695,64.6431371466022,17.016058450538416,1.7124056295775292,3.2212235821719495,92.93760681152344,91.78107805510957,93.333003385268,91.76131162012541
2024-08-27,97.46488189697266,97.58350313129246,94.15344973989258,94.30172439740174,17456300.0,2024,8,27,92.49674224853516,92.71517410278321,83.56033821105957,83.72422254110482,5.268169851682686,83.1591583570435,84.70284271240234,9.698194518897276,104.09923175019689,65.3064536746078,17.520471174955254,3.1057177435399153,3.349023445236809,94.5290756225586,93.11553791607903,94.82562494788652,93.09577148045307
2024-08-28,94.20287322998047,97.57361209354704,93.29345888772923,97.08925527124376,14866300.0,2024,8,28,93.60187225341797,93.03901596069336,84.70284271240234,76.27193273201974,5.17081302771922,83.24099007405303,85.58350105285645,9.722358872043321,105.0282187969431,66.1387833087698,17.032965714121122,-3.3468554042268894,3.5600029672716533,97.46488189697266,94.30172439740174,97.58350313129246,94.15344973989258
2024-08-29,93.76793670654297,94.72677090939912,93.19461207409425,94.3709147610904,8781300.0,2024,8,29,94.10007019042969,93.23316650390625,85.58350105285645,76.70718348288857,5.000913878553746,83.28686423395838,86.58193435668946,9.470565196724381,105.52306475013822,67.6408039632407,16.9528087560398,-0.461701972057349,3.591540724538084,94.20287322998047,97.08925527124376,97.57361209354704,93.29345888772923
2024-08-30,93.48127746582031,94.82562128331233,93.35277678531091,93.89644047198517,7117200.0,2024,8,30,94.58047485351562,93.28753280639648,86.58193435668946,74.85285367965959,4.787944134180677,83.32274379185289,87.52820663452148,9.14562210063943,105.81945083580034,69.23696243324262,16.741170071727232,-0.3057113665834277,3.462335795112596,93.76793670654297,94.3709147610904,94.72677090939912,93.19461207409425
2024-09-03,92.1072769165039,93.71850902534702,91.96888925275356,93.0463371407473,11234000.0,2024,9,3,94.689208984375,93.26380920410156,87.52820663452148,44.313978843283245,4.456917149507802,83.37127519075294,88.5050163269043,8.483342390988875,105.47170110888204,71.53833154492655,16.84169155762411,-1.4698136210416934,2.2552526485754703,93.48127746582031,93.89644047198517,94.82562128331233,93.35277678531091
2024-09-04,91.26705932617188,92.89806532816692,90.91120319695253,92.29508730596535,7193500.0,2024,9,4,94.20484924316406,93.35079574584961,88.5050163269043,47.16076988567789,4.079748540070852,83.39910893078849,89.36563262939453,7.784532089576088,104.9346968085467,73.79656845024235,16.722287612215286,-0.9122162965404912,2.0834575758612734,92.1072769165039,93.0463371407473,93.71850902534702,91.96888925275356
2024-09-05,90.50592041015625,91.94911137194741,90.1500642780366,91.10889843727225,8370100.0,2024,9,5,92.96528472900391,93.28357849121093,89.36563262939453,42.147305355436366,3.6770355731082276,83.42814005006962,90.19212226867675,6.89080831966906,103.97373890801488,76.41050562933863,16.623258317772432,-0.8339689277107709,2.0730006974994004,91.26705932617188,92.29508730596535,92.89806532816692,90.91120319695253
2024-09-06,90.10064697265625,91.09902156831978,89.14181278629802,90.44661612712521,9257000.0,2024,9,6,92.22589416503907,93.16298217773438,90.19212226867675,39.49482207917015,3.2872866715208886,83.45814963516797,90.97574958801269,5.81017301705292,102.59609562211853,79.35540355390685,16.832107648209043,-0.44778665932944106,2.046876716648019,90.50592041015625,91.10889843727225,91.94911137194741,90.1500642780366
2024-09-09,91.14844512939453,91.29671978492699,89.36917188769173,90.16984446937988,10089700.0,2024,9,9,91.49243621826172,93.03645553588868,90.97574958801269,49.71821367624223,3.0280509272646725,83.49566405524479,91.84419097900391,4.171602927402204,100.18739683380832,83.5009851241995,16.839314971488626,1.1629196814272325,1.989685282349352,90.10064697265625,90.44661612712521,91.09902156831978,89.14181278629802
2024-09-10,92.26543426513672,92.443362345022,90.09076443681639,91.05948565876125,7327000.0,2024,9,10,91.02586975097657,92.85753936767578,91.84419097900391,51.006716150123054,2.8795428429947663,83.52662082348218,92.6731746673584,1.7165056285087397,96.10618592437588,89.24016341034091,16.97175053424165,1.2254615360212773,2.038403245613852,91.14844512939453,90.16984446937988,91.29671978492699,89.36917188769173
2024-09-11,97.0694808959961,97.21775554674122,92.58175375494032,92.99691674377706,19302900.0,2024,9,11,91.05750122070313,92.6311752319336,92.6731746673584,62.892471400796424,3.1136038433305657,83.65140343365042,92.81532554626465,1.9532982263208185,96.72192199890628,88.90872909362301,17.674113569599196,5.206767484618702,2.3102374971787216,92.26543426513672,91.05948565876125,92.443362345022,90.09076443681639
2024-09-12,98.13705444335938,98.16670786674062,96.21938595470668,97.32649485750164,14658700.0,2024,9,12,92.21798553466797,92.59163513183594,92.81532554626465,65.74712464207732,3.346664866251345,83.75205635378789,93.10910987854004,2.2801183008015307,97.6693464801431,88.54887327693697,17.719239954199768,1.0998034990082228,2.374488917132967,97.0694808959961,92.99691674377706,97.21775554674122,92.58175375494032
2024-09-13,97.43522644042969,98.36440723597131,97.36603260724439,97.98877710591209,9899900.0,2024,9,13,93.7442123413086,92.98505325317383,93.10910987854004,60.90081220954873,3.435137623391441,83.81596758537135,93.3196575164795,2.4772147506511173,98.27408701778172,88.36522801517727,17.50111713077841,-0.7151508743669877,2.3052949624595525,98.13705444335938,97.32649485750164,98.16670786674062,96.21938595470668
2024-09-16,95.20124053955078,97.46487810077359,94.87504535561058,97.38579728097388,9263400.0,2024,9,16,95.21112823486328,93.3517822265625,93.3196575164795,51.57990931777442,3.287097317110394,83.86551027430562,93.39379386901855,2.511726289424627,98.41724644786781,88.37034129016929,17.074634972053804,-2.2927907929117697,2.3554245773738325,97.43522644042969,97.98877710591209,98.36440723597131,97.36603260724439
2024-09-17,95.32975006103516,95.42859731635579,94.10401996206029,95.37916991791438,6281700.0,2024,9,17,96.02168731689453,93.52377853393554,93.39379386901855,44.21842461904604,3.1439029954745763,83.89923966719518,93.59841079711914,2.4934354847249556,98.58528176656905,88.61153982766923,17.090699509683287,0.13498723415372726,2.2050334318663767,95.20124053955078,97.38579728097388,97.46487810077359,94.87504535561058
2024-09-18,95.01343536376953,96.4763928583498,94.23252921749453,94.44999770652836,8793800.0,2024,9,18,96.63455047607422,93.84602584838868,93.59841079711914,52.61146960241713,2.97065267651395,83.94482820149412,93.75212097167969,2.48049308848565,98.71310714865099,88.79113479470838,17.08466070428482,-0.331811105203883,2.059584177226195,95.32975006103516,95.37916991791438,95.42859731635579,94.10401996206029
2024-09-19,95.78445434570312,97.56372758245107,95.22101668949861,96.84213582459799,8752600.0,2024,9,19,96.22334136962891,94.22066345214844,93.75212097167969,56.35910620428421,2.862567443106286,83.9929682618148,93.95574951171875,2.4713366489639528,98.89842280964666,89.01307621379084,16.934326646500853,0.8114841642991477,2.132307990324528,95.01343536376953,94.44999770652836,96.4763928583498,94.23252921749453
2024-09-20,94.9442367553711,95.94260379890969,94.22263749091745,95.73502230842458,19541000.0,2024,9,20,95.75282135009766,94.74851684570312,93.95574951171875,54.457819113248455,2.6782375243346905,84.0914868410012,94.13466567993164,2.4025450081993363,98.93975569633031,89.32957566353298,16.814845107348287,-0.8771961964720631,2.149959548181015,95.78445434570312,96.84213582459799,97.56372758245107,95.22101668949861
2024-09-23,94.38080596923828,94.94424363899432,93.26381007649282,94.94424363899432,8382800.0,2024,9,23,95.25462341308594,95.23287582397461,94.13466567993164,57.28772622824291,2.458352225841111,84.13104261362204,94.20682563781739,2.386317596204968,98.97946083022732,89.43419044540745,16.673396309745698,-0.5934333724589513,2.1450176760315895,94.9442367553711,95.73502230842458,95.94260379890969,94.22263749091745
2024-09-24,93.3626480102539,94.7168786967018,93.10564667186715,94.3709095553645,8606800.0,2024,9,24,95.09053649902344,95.55611190795898,94.20682563781739,56.64157916346081,2.1768414314232842,84.1673372335382,94.14850425720215,2.39227358137408,98.9330514199503,89.363957094454,16.44647015386415,-1.0787765038965946,2.118186954147322,94.38080596923828,94.94424363899432,94.94424363899432,93.26381007649282
2024-09-25,94.51919555664062,94.85527775101993,93.13531128344263,93.1748516959983,8632900.0,2024,9,25,94.69711608886719,95.6658332824707,94.14850425720215,62.40833418252773,2.023737434580653,84.20799926517542,94.00121994018555,2.26462129823294,98.53046253665143,89.47197734371967,16.687005470734213,1.2387690056302691,2.112538337980642,93.3626480102539,94.3709095553645,94.7168786967018,93.10564667186715
2024-09-26,96.34789276123047,98.0085523202203,95.88330235759013,97.36603383734666,9876800.0,2024,9,26,94.5982681274414,95.41080474853516,94.00121994018555,67.75278409280612,2.0266006051175935,84.26231152156146,94.10847091674805,2.324671303353489,98.75781352345503,89.45912831004107,16.942683402090548,1.9347363187131705,2.221977479520493,94.51919555664062,93.1748516959983,94.85527775101993,93.13531128344263
2024-09-27,96.23915100097656,97.02005709099011,96.07110992303436,96.52581330299888,6319900.0,2024,9,27,94.71095581054688,95.23188858032226,94.10847091674805,65.28184365385135,1.9970741099326403,84.2964998339176,94.23203163146972,2.370835137918894,98.97370190730751,89.49036135563193,16.948141949810662,-0.1128636622322321,2.1520774274290995,96.34789276123047,97.36603383734666,98.0085523202203,95.88330235759013
2024-09-30,96.3676528930664,96.56535493570726,95.300092029053,96.26880564252689,6436400.0,2024,9,30,94.96993865966797,95.11228103637696,94.23203163146972,63.09143057489847,1.9614329998554751,84.33149082799395,94.37635040283203,2.4102523778425913,99.19685515851721,89.55584564714685,16.903036521722,0.13352350966659987,2.074410641604003,96.23915100097656,96.52581330299888,97.02005709099011,96.07110992303436
2024-10-01,96.308349609375,97.01017491816643,95.24078116435618,96.36765645357758,7171600.0,2024,10,1,95.3673080444336,95.22892227172852,94.37635040283203,46.51586915205036,1.906425794117581,84.3700495867785,94.58640403747559,2.3850244380543066,99.3564529135842,89.81635516136697,17.045335227648355,-0.06153857846595834,1.8470586753329852,96.3676528930664,96.26880564252689,96.56535493570726,95.300092029053
2024-10-02,95.3890609741211,95.88330481336524,94.76631645163596,95.71526371799723,6346000.0,2024,10,2,95.95644836425781,95.3267822265625,94.58640403747559,37.24775020694061,1.7682697640848346,84.40135152949632,94.79250411987304,2.257795312600452,99.30809474507394,90.27691349467214,16.875508849939745,-0.954526413319845,1.8181094785976353,96.308349609375,96.36765645357758,97.01017491816643,95.24078116435618
2024-10-03,94.45987701416016,95.28032357010403,94.21275510272373,94.53895783579475,5556400.0,2024,10,3,96.1304214477539,95.36434478759766,94.79250411987304,36.4780196956952,1.5657537008533353,84.42630767744149,94.99020195007324,2.023666631170425,99.0375352124141,90.94286868773239,16.741731715921066,-0.9740990743299371,1.8308188530740952,95.3890609741211,95.71526371799723,95.88330481336524,94.76631645163596
2024-10-04,95.4681396484375,95.61641430518411,94.05460199836952,95.06285608943426,6818900.0,2024,10,4,95.75281829833985,95.23188705444336,94.99020195007324,51.365048545204665,1.4696751298211126,84.45982619765381,95.25857658386231,1.6652719666176317,98.58912051709757,91.92803265062705,16.768056870422257,1.067397784274271,1.7573888217634936,94.45987701416016,94.53895783579475,95.28032357010403,94.21275510272373
2024-10-07,94.98377227783203,95.40882225829613,94.26218053476919,95.0826270735937,7478900.0,2024,10,7,95.59861602783204,95.28427734375,95.25857658386231,48.29265390888431,1.3390124690516103,84.4947484446807,95.45034294128418,1.3598826158722637,98.17010817302871,92.73057770953965,16.835178745850065,-0.5073602275996514,1.7489160902901233,95.4681396484375,95.06285608943426,95.61641430518411,94.05460199836952
2024-10-08,95.1023941040039,95.76467900701127,94.18310030521678,94.94424000460552,6595200.0,2024,10,8,95.32183990478515,95.34457397460938,95.45034294128418,50.44773345498167,1.2308447469575725,84.5256986695081,95.59219093322754,1.1404371717547448,97.87306527673704,93.31131658971805,16.69827864378684,0.12488641304422288,1.7016100232143532,94.98377227783203,95.0826270735937,95.40882225829613,94.26218053476919
2024-10-09,94.77619171142578,95.36929032556654,94.36102871477696,95.36929032556654,3344800.0,2024,10,9,95.08064880371094,95.51854858398437,95.59219093322754,44.68749673382853,1.1060493920975176,84.54084437729458,95.47752647399902,1.0986080246183176,97.67474252323565,93.28031042476239,16.526533866602584,-0.34300124161058543,1.5914649797934988,95.1023941040039,94.94424000460552,95.76467900701127,94.18310030521678
2024-10-10,92.7992172241211,94.38080348641363,92.68060353354271,94.32148909956221,5459500.0,2024,10,10,94.95807495117188,95.54424819946288,95.47752647399902,39.9070080011028,0.8379633356888547,84.56071337150682,95.21063461303712,1.0664125387330674,97.34345969050325,93.07780953557098,16.210168447228597,-2.0859399935842293,1.61829511335713,94.77619171142578,95.36929032556654,95.36929032556654,94.36102871477696
2024-10-11,94.44999694824219,94.85527295872784,92.9277250787891,93.05622575693094,4834800.0,2024,10,11,94.62594299316406,95.18938064575195,95.21063461303712,50.29534386440951,0.7500610947209196,84.5817389297835,95.06137313842774,0.9400912457148832,96.9415556298575,93.18119064699798,16.400318177896864,1.778872466277659,1.6451252685075042,92.7992172241211,94.32148909956221,94.38080348641363,92.68060353354271
2024-10-14,93.6690902709961,94.43022243057605,93.25391973329943,94.31160874114457,4124700.0,2024,10,14,94.422314453125,95.01046524047851,95.06137313842774,51.33509990480192,0.6103495630743225,84.59819199637428,94.984765625,0.9892361201266161,96.96323786525322,93.00629338474677,16.132781250886964,-0.8267937559320648,1.6154713535152265,94.44999694824219,93.05622575693094,94.85527295872784,92.9277250787891
2024-10-15,93.94586944580078,94.86516328432099,93.48127903235174,93.58012629144329,6264100.0,2024,10,15,94.15937805175781,94.74060897827148,94.984765625,47.294766649459035,0.5160126611923346,84.62382426554292,94.91557159423829,1.0119732849107168,96.93951816405972,92.89162502441685,16.307154159962995,0.29548613529173373,1.5914654809717947,93.6690902709961,94.31160874114457,94.43022243057605,93.25391973329943
2024-10-16,94.36103057861328,94.73665317230126,93.00679977720068,94.3511435904324,7537100.0,2024,10,16,93.92807312011719,94.50436096191406,94.91557159423829,39.181934193166754,0.469339763917219,84.65584510928775,94.88295135498046,1.019142195505234,96.92123574599093,92.84466696397,16.308333783409164,0.44191525956551736,1.4657866689375731,93.94586944580078,93.58012629144329,94.86516328432099,93.48127903235174
2024-10-17,94.17321014404297,95.0826244657984,93.68885333265582,94.23252452818559,5577300.0,2024,10,17,93.84504089355468,94.40155792236328,94.88295135498046,38.84740557936556,0.4124412511699376,84.67894869108387,94.80238914489746,1.007748533505749,96.81788621190896,92.78689207788597,16.274477235165303,-0.19904449264555035,1.4975598093080609,94.36103057861328,94.3511435904324,94.73665317230126,93.00679977720068
2024-10-18,95.72513580322266,95.73502279088468,93.94586264371422,94.57849410596992,6178300.0,2024,10,18,94.11983947753906,94.37289123535156,94.80238914489746,46.99353125133873,0.4869627966025547,84.70857337155462,94.84143409729003,1.028448896296684,96.8983318898834,92.78453630469667,16.479283746788038,1.6479481338757873,1.534981040773504,94.17321014404297,94.23252452818559,95.0826244657984,93.68885333265582
2024-10-21,95.33963012695312,96.08099585901827,94.78607946031106,95.83387394832988,3994300.0,2024,10,21,94.37486724853515,94.39859085083008,94.84143409729003,45.60143999733949,0.5090465996567275,84.72697418625107,94.88937530517578,1.0281943635870783,96.94576403234993,92.83298657800162,16.439915609434095,-0.40272147230169253,1.5010898011232874,95.72513580322266,94.57849410596992,95.73502279088468,93.94586264371422
2024-10-22,95.70537567138672,96.07111882334597,94.83550923889739,95.24078526098407,6670900.0,2024,10,22,94.70897521972657,94.43417663574219,94.88937530517578,51.51227547487493,0.5497239064527548,84.75861807626904,95.00651168823242,0.9772957063894632,96.96110310101135,93.0519202754535,16.51175197362394,0.38362383402008593,1.4792024030311117,95.33963012695312,95.83387394832988,96.08099585901827,94.78607946031106
2024-10-23,96.52581787109375,96.59501170302465,92.61140778994076,92.78933586370053,18858800.0,2024,10,23,95.06087646484374,94.49447479248047,95.00651168823242,59.98087766645608,0.6407773119652802,84.85372868885482,95.10684280395508,1.026401959487273,97.15964672292962,93.05403888498053,16.8068710249203,0.8572582197724055,1.6797236917230072,95.70537567138672,95.24078526098407,96.07111882334597,94.83550923889739
2024-10-24,96.03157806396484,98.2754417429119,95.73502874814591,96.5653623075015,9828600.0,2024,10,24,95.49383392333985,94.66943740844727,95.10684280395508,52.864318099840595,0.6653866073170605,84.9006171645671,95.0910270690918,1.0085541036974308,97.10813527648665,93.07391886169694,16.68473343664827,-0.5120286137217156,1.749623740862393,96.52581787109375,92.78933586370053,96.59501170302465,92.61140778994076
2024-10-25,96.18972778320312,96.83224624380951,95.31986139352131,96.10076751745066,9665600.0,2024,10,25,95.86550750732422,94.99267349243163,95.0910270690918,56.340957174961105,0.6897005729328498,84.9469956841023,95.08855590820312,1.0056492740386045,97.09985445628033,93.07725736012591,16.717983071685968,0.16468511965193056,1.771511293478099,96.03157806396484,96.5653623075015,98.2754417429119,95.73502874814591
2024-10-28,96.89155578613281,97.99866466511227,96.42697292721653,96.52582018354845,6790900.0,2024,10,28,95.95842590332032,95.16664657592773,95.08855590820312,58.863852668389725,0.7568764200401006,84.98137316821999,95.11475105285645,1.0467059743025708,97.20816300146159,93.02133910425131,16.788061975350345,0.7296288482191216,1.7877511634862893,96.18972778320312,96.10076751745066,96.83224624380951,95.31986139352131
2024-10-29,96.26880645751953,96.92121189141479,95.24077845176942,96.61477560811768,7664200.0,2024,10,29,96.26881103515625,95.4888931274414,95.11475105285645,57.18362527061602,0.751203688054801,85.01791835865305,95.11277389526367,1.04436741659445,97.20150872845257,93.02403906207478,16.653211480421547,-0.6427281753921488,1.835763436975989,96.89155578613281,96.52582018354845,97.99866466511227,96.42697292721653
2024-10-30,96.19961547851562,97.02006201822283,95.68560523118752,96.24904287644964,9187200.0,2024,10,30,96.38149719238281,95.72118682861328,95.11277389526367,70.04662434523065,0.7326790058317698,85.06114752236897,95.1533016204834,1.0710398995701067,97.29538141962362,93.01122182134318,16.691737437229968,-0.07187268810113778,1.7813969090582913,96.26880645751953,96.61477560811768,96.92121189141479,95.24077845176942
2024-10-31,96.57524108886719,97.8602780598129,94.25229660283055,96.1996184941051,12011500.0,2024,10,31,96.31625671386719,95.90504531860351,95.1533016204834,64.74620810279148,0.7397801837667544,85.11905348708774,95.25906982421876,1.1029324255584678,97.4649346753357,93.05320497310181,17.09196781981829,0.3904647731522992,1.8922487463708342,96.19961547851562,96.24904287644964,97.02006201822283,95.68560523118752
2024-11-01,97.73177337646484,98.65106716164301,96.24904195143951,96.476389880002,8860200.0,2024,11,1,96.42498931884765,96.14524841308594,95.25906982421876,76.79270801048153,0.8291722272134479,85.16567007179168,95.37225151062012,1.233887514168054,97.84002653895622,92.90447648228401,17.22395867508124,1.1975453279308157,1.9783878888894588,96.57524108886719,96.1996184941051,97.8602780598129,94.25229660283055
2024-11-04,95.91295623779297,97.67246306217575,95.58675350071643,97.4549945707914,7049100.0,2024,11,4,96.7333984375,96.34591217041016,95.37225151062012,60.780053952533144,0.7446686464618182,85.19717986042156,95.41871070861816,1.2359817299979095,97.89067416861398,92.94674724862234,16.93990461966174,-1.8610295053848591,2.0327547191593993,97.73177337646484,96.476389880002,98.65106716164301,96.24904195143951
2024-11-05,95.9722671508789,96.34789730339223,95.04309384135617,95.7449192032065,6348300.0,2024,11,5,96.53767852783203,96.40324478149414,95.41871070861816,59.18828705282869,0.6747072398346177,85.22555552505175,95.46220436096192,1.239564874534478,97.94133411003088,92.98307461189296,16.747866534678437,0.0618382702529674,2.002394009654791,95.91295623779297,97.4549945707914,97.67246306217575,95.58675350071643
2024-11-06,94.97389221191406,97.09914210036978,93.68885529101655,95.85364558920656,9708800.0,2024,11,6,96.4783706665039,96.42993392944337,95.46220436096192,54.179606759248564,0.5325627552966381,85.26465926349587,95.47208938598632,1.2345845585204038,97.94125850302713,93.00292026894552,16.17152811236382,-1.0402744132274044,2.146430843669837,95.9722671508789,95.7449192032065,96.34789730339223,95.04309384135617
2024-11-07,95.01343536376953,95.57687302101071,94.65757920745277,94.95412097667524,6195200.0,2024,11,7,96.2332260131836,96.2747413635254,95.47208938598632,45.588299279062156,0.4182813421422935,85.28954883487684,95.58280029296876,1.0706800945028532,97.72416048197447,93.44144010396305,16.054130114655997,0.04163581267917493,2.084297534126086,94.97389221191406,95.85364558920656,97.09914210036978,93.68885529101655
2024-11-08,96.42697143554688,96.51593170240078,94.92446601292035,95.00354683338746,6118700.0,2024,11,8,95.92086486816406,96.17292709350586,95.58280029296876,55.97828822631253,0.4367385957712173,85.31756199628987,95.68164901733398,1.0516834005409466,97.78501581841587,93.57828221625209,16.222698518284094,1.4877223061827705,2.1054796263241724,95.01343536376953,94.95412097667524,95.57687302101071,94.65757920745277
2024-11-11,99.15518951416016,100.24253191586955,96.82235815668501,96.87178555369434,10313300.0,2024,11,11,95.65990447998047,96.19665145874023,95.68164901733398,65.05606559254785,0.6638579592072347,85.37597913033272,95.9559539794922,1.2036118484932545,98.3631776764787,93.54873028250569,16.665809640338235,2.829310138021768,2.2897618331723217,96.42697143554688,95.00354683338746,96.51593170240078,94.92446601292035
2024-11-12,97.66258239746094,99.38254878908924,97.2869522655502,98.97726523446181,8438400.0,2024,11,12,96.3083511352539,96.42301483154297,95.9559539794922,54.686249792418366,0.7151667735676313,85.41827280009073,96.1417896270752,1.1631715065877786,98.46813264025076,93.81544661389964,16.466082481080154,-1.5053242538415668,2.1549041624905465,99.15518951416016,96.87178555369434,100.24253191586955,96.82235815668501
2024-11-13,98.65106964111328,98.78945730760222,95.12216906252102,96.2292703944325,8816300.0,2024,11,13,96.64641418457032,96.56239242553711,96.1417896270752,60.3758919516137,0.8260696216505465,85.4656928853159,96.35629158020019,1.2120351037842454,98.78036178776868,93.9322213726317,16.62466826244917,1.012145306202794,2.2353952517987756,97.66258239746094,98.97726523446181,99.38254878908924,97.2869522655502
2024-11-14,98.08763122558594,98.86852981975564,97.99866341692679,98.28532573573182,6441500.0,2024,11,14,97.38184967041016,96.80753784179687,96.35629158020019,57.283795179311795,0.8585987643896686,85.49865399197769,96.55201263427735,1.155697796819837,98.86340822791702,94.24061704063767,16.636694445772978,-0.5711427332487085,2.1895010769802505,98.65106964111328,96.2292703944325,98.78945730760222,95.12216906252102
2024-11-15,97.88870239257812,99.67898857747312,97.46102333664261,98.56503188595966,8119900.0,2024,11,15,97.99668884277344,96.95877685546876,96.55201263427735,53.980510731401864,0.8584309919437487,85.5393062918598,96.66019096374512,1.1753179581174324,99.01082687997999,94.30955504751026,16.818373435541968,-0.20280725563686097,2.2187173883317763,98.08763122558594,98.28532573573182,98.86852981975564,97.99866341692679
2024-11-18,99.85802459716797,100.06689006951807,97.40135687900631,97.90860593369068,7044700.0,2024,11,18,98.28903503417969,96.97446975708007,96.66019096374512,62.936979092762044,1.005613784929821,85.57995002452779,96.88611068725587,1.331946307293692,99.55000330184325,94.22221807266848,17.086715709731948,2.0117972314026344,2.289081656250804,97.88870239257812,98.56503188595966,99.67898857747312,97.46102333664261
2024-11-19,97.81908416748047,99.75856220374105,97.66989238188975,99.25131316801635,9176200.0,2024,11,19,98.42960205078126,97.36897659301758,96.88611068725587,55.11141634010001,0.946817434218147,85.62503561151573,96.99179611206054,1.3171031710684609,99.62600245419746,94.35758976992362,16.676869882220043,-2.041839339314677,2.3500584725538687,99.85802459716797,97.90860593369068,100.06689006951807,97.40135687900631
2024-11-20,97.72957611083984,98.21692887371707,96.5857825101116,97.4709775151825,7527700.0,2024,11,20,98.46090240478516,97.55365829467773,96.99179611206054,53.710360346441874,0.8828217311739195,85.66150465215969,97.05198402404785,1.32218293208598,99.69634988821981,94.4076181598759,16.65596673594511,-0.09150367477104293,2.2088559658840916,97.81908416748047,99.25131316801635,99.75856220374105,97.66989238188975
2024-11-21,99.51985168457031,99.78839841458375,97.95832719340459,98.96287711596375,6760600.0,2024,11,21,98.27660369873047,97.82922668457032,97.05198402404785,55.52240494070355,0.9654360069647936,85.69890166089658,97.22639770507813,1.4077964535131573,100.04199061210444,94.41080479805181,16.870514997018102,1.831866713204633,2.1843414725655492,97.72957611083984,97.4709775151825,98.21692887371707,96.5857825101116
2024-11-22,101.94668579101562,102.00635947154426,99.23141950381829,99.46018125952743,6563300.0,2024,11,22,98.56304779052735,98.2798683166504,97.22639770507813,67.96038805282743,1.2127537756118159,85.74135582812755,97.51424560546874,1.735166199351996,100.98457800417273,94.04391320676476,17.22851106721194,2.438542728276172,2.2293357648496603,99.51985168457031,98.96287711596375,99.78839841458375,97.95832719340459
2024-11-25,101.29024505615234,102.76225907911393,101.23057137556256,102.37436497886108,8839600.0,2024,11,25,99.37464447021485,98.83183975219727,97.51424560546874,65.28641719073339,1.3403350596554304,85.7958826584848,97.73418006896972,1.9209131452987551,101.57600635956723,93.89235377837221,17.059707817673623,-0.6439059100056932,2.2455417821007537,101.94668579101562,99.46018125952743,102.00635947154426,99.23141950381829
2024-11-26,100.13650512695312,101.53888965745531,99.92763966871702,101.439430999468,6558300.0,2024,11,26,99.66108856201171,99.04534530639648,97.73418006896972,64.70844980415512,1.3329811988457294,85.8330968923951,97.92756500244141,1.959915816358798,101.84739663515901,94.00773336972381,16.777786606560046,-1.139043477049162,2.11703915205683,101.29024505615234,102.37436497886108,102.76225907911393,101.23057137556256
2024-11-27,100.96202850341797,101.47921808862253,100.17629218903826,100.20612902823342,4857800.0,2024,11,27,100.12457275390625,99.2927375793457,97.92756500244141,66.22125318831112,1.377882674694618,85.8621213230677,98.16568565368652,2.0270832095141698,102.21985207271486,94.11151923465819,16.967515260294064,0.8243980308861865,2.1472833769219344,100.13650512695312,101.439430999468,101.53888965745531,99.92763966871702
2024-11-29,101.90689849853516,101.94668348072253,100.72331994014169,100.82278618971485,3419300.0,2024,11,29,100.77106323242188,99.52383346557617,98.16568565368652,65.33521558097956,1.4727337716260962,85.88375850281025,98.43226852416993,2.1535538746280736,102.73937627342607,94.12516077491378,17.02057458263907,0.9358666907977264,2.1209903662862493,100.96202850341797,100.20612902823342,101.47921808862253,100.17629218903826
2024-12-02,100.96202850341797,101.65824671200284,99.33088219626823,101.44938124942738,6103200.0,2024,12,2,101.24847259521485,99.9057601928711,98.43226852416993,55.61695793531151,1.4548897736385413,85.91996568741313,98.59378128051758,2.218408108946753,103.03059749841108,94.15696506262407,16.83259027195914,-0.9271894337268716,2.032451496425124,101.90689849853516,100.82278618971485,101.94668348072253,100.72331994014169
2024-12-03,101.0217056274414,101.56873965870865,99.35077428163648,100.54429341940731,7101500.0,2024,12,3,101.05154113769531,100.21309280395508,98.59378128051758,61.463914551607886,1.4290900611927526,85.96204328776477,98.84921875,2.1873846908237162,103.22398813164745,94.47444936835257,16.834733227586902,0.05910848356360798,2.041192128820348,100.96202850341797,101.44938124942738,101.65824671200284,99.33088219626823
2024-12-04,100.1563949584961,101.43943214923986,99.82818214223876,100.34537172256039,6151100.0,2024,12,4,100.99783325195312,100.32946090698242,98.84921875,55.180887020710315,1.3235630529368336,85.99621725328932,99.05842514038086,2.0959220654981614,103.25026927137719,94.86658100938453,16.587531662088566,-0.8565591558476471,1.8943322546717698,101.0217056274414,100.54429341940731,101.56873965870865,99.35077428163648
2024-12-05,98.6943359375,100.75316127620971,98.65455095653348,100.45477771306543,7194800.0,2024,12,5,101.00181121826172,100.56319198608398,99.05842514038086,51.966462178207635,1.1091703689766632,86.03187581691127,99.24444732666015,1.8669136283176153,102.97827458329539,95.51062007002491,16.37233399072097,-1.4597760049190667,1.9820996773037254,100.1563949584961,100.34537172256039,101.43943214923986,99.82818214223876
2024-12-06,99.56958770751953,100.07683675481572,97.90860450763526,98.39595726935379,6297000.0,2024,12,6,100.54827270507812,100.65966796875,99.24444732666015,55.219290411318475,0.9983794287931715,86.06506668534689,99.47225494384766,1.5792785035634223,102.6308119509745,96.31369793672081,16.486277218785535,0.8868308010844705,1.9785473206144357,98.6943359375,100.45477771306543,100.75316127620971,98.65455095653348
2024-12-09,98.7739028930664,100.0271032929119,97.98816655600032,99.52980239007586,7271600.0,2024,12,9,100.080810546875,100.66464157104492,99.47225494384766,46.36907110281628,0.8367264342908385,86.10094628463996,99.58960151672363,1.4202822332962097,102.43016598331606,96.74903705013121,16.439187834986807,-0.7991243438613127,1.9337904310715663,99.56958770751953,98.39595726935379,100.07683675481572,97.90860450763526
2024-12-10,97.63011169433594,98.71422396251586,97.41129809461286,98.60481716265433,8192500.0,2024,12,10,99.64318542480468,100.34736328125,99.58960151672363,49.326725535936696,0.6092972810436521,86.13750129866823,99.51334762573242,1.4843290931802335,102.4820058120929,96.54468943937195,16.29949942044861,-1.1579892716892526,1.8748241870126614,98.7739028930664,99.52980239007586,100.0271032929119,97.98816655600032
2024-12-11,97.88870239257812,98.85346730398214,97.45108278265536,97.96827235373105,8007300.0,2024,12,11,98.9648666381836,99.98134994506836,99.51334762573242,50.5601886544138,0.4447968060682399,86.17380552652737,99.52465362548828,1.470284755291095,102.46522313607048,96.58408411490609,16.217302408920986,0.2648677685136658,1.8584840554213267,97.63011169433594,98.60481716265433,98.71422396251586,97.41129809461286
2024-12-12,97.29194641113281,98.43573998277041,96.89410417905763,97.68978864320799,6375900.0,2024,12,12,98.511328125,99.75656967163086,99.52465362548828,41.437324650708895,0.263241292327578,86.20108873711557,99.45669746398926,1.5424259719632873,102.54154940791584,96.37184552006268,16.201918395565844,-0.6096270221787714,1.82154216256196,97.88870239257812,97.96827235373105,98.85346730398214,97.45108278265536
2024-12-13,96.89410400390625,97.55054482387509,96.41669939684657,96.81453403999316,5910900.0,2024,12,13,98.23085021972656,99.38956146240234,99.45669746398926,26.992740532398017,0.08626032694199637,86.22535979578397,99.39702110290527,1.6193533019766426,102.63572770685856,96.15831449895198,16.138869796324556,-0.4089160736340691,1.7043211239407137,97.29194641113281,97.68978864320799,98.43573998277041,96.89410417905763
2024-12-16,92.61732482910156,96.47637718473547,92.59742854317118,96.42664405811924,12395900.0,2024,12,16,97.69575347900391,98.88828201293946,99.39702110290527,20.299736276805376,-0.3945505667427227,86.25564182749137,99.13345222473144,2.2019570527158656,103.53736633016317,94.72953811929972,15.360931862487956,-4.413869366739043,1.9018202494538354,96.89410400390625,96.81453403999316,97.55054482387509,96.41669939684657
2024-12-17,91.5928726196289,93.43289194988404,91.55309522677331,92.50791200770183,8536100.0,2024,12,17,96.46443786621094,98.0538116455078,99.13345222473144,20.48109371400193,-0.8484806389978843,86.27299718295045,98.72019462585449,2.762944474131047,104.24608357411658,93.1943056775924,15.253868922192806,-1.1061129344461018,1.9210021590518664,92.61732482910156,96.42664405811924,96.47637718473547,92.59742854317118
2024-12-18,89.41470336914062,91.7520160823221,89.15610477635086,91.27460387934173,10886600.0,2024,12,18,95.25699005126953,97.11092834472656,98.72019462585449,13.513495270471921,-1.3682116541769318,86.2859725157867,98.2999755859375,3.458717953960338,105.21741149385818,91.38253967801683,15.348557033714805,-2.378099068400097,2.0105163265019974,91.5928726196289,92.50791200770183,93.43289194988404,91.55309522677331
2024-12-19,88.28085327148438,91.0856298971351,88.19133516830139,89.75285960903231,14628400.0,2024,12,19,93.56219024658203,96.03675918579101,98.2999755859375,7.453402240351579,-1.8502657433276681,86.29698210124965,97.82753944396973,4.122374162912578,106.07228776979488,89.58279111814457,15.158581546964095,-1.268080142228123,2.129868554234346,89.41470336914062,91.27460387934173,91.7520160823221,89.15610477635086
2024-12-20,87.4951171875,88.6786956985771,86.59997409459332,87.38571038791089,26477500.0,2024,12,20,91.75997161865234,94.99541091918945,97.82753944396973,7.528215710326577,-2.269537600577536,86.30883223351977,97.2263027191162,4.699108106987647,106.6245189330915,87.82808650514092,14.845354675273917,-0.890041333841729,2.094347504356979,88.28085327148438,89.75285960903231,91.0856298971351,88.19133516830139
2024-12-23,86.96797943115234,87.4055990410842,85.83413404343169,87.02765310791371,11203700.0,2024,12,23,89.88017425537109,93.7879638671875,97.2263027191162,6.946963464343142,-2.6142141462160993,86.3115793087916,96.47736740112305,5.084982125653706,106.64733165243047,86.30740314981563,14.668078228741718,-0.6024767704670975,2.054563059142417,87.4951171875,87.38571038791089,88.6786956985771,86.59997409459332
2024-12-24,89.42465209960938,89.43459265416735,86.6994376852263,86.92819943962269,5422000.0,2024,12,24,88.75030517578125,92.6073715209961,96.47736740112305,20.044440412409074,-2.6584943705720576,86.31784545345596,95.8840877532959,5.185106242313751,106.2543002379234,85.5138752686684,14.916624177675116,2.8248013631291036,2.13484198499527,86.96797943115234,87.02765310791371,87.4055990410842,85.83413404343169
2024-12-26,91.36412048339844,91.55309725058153,88.88756416598854,88.88756416598854,7538700.0,2024,12,26,88.31666107177735,91.78682556152344,95.8840877532959,30.070302575714464,-2.5081751952715052,86.33192878056431,95.44546852111816,5.177484260678894,105.80043704247595,85.09049999976037,15.239125663277886,2.168829666375105,2.1753364682036107,89.42465209960938,86.92819943962269,89.43459265416735,86.6994376852263
2024-12-27,91.75201416015625,92.69688281541069,90.38940699046684,90.40930327545438,8200400.0,2024,12,27,88.7065444946289,91.13436737060547,95.44546852111816,28.166647418624464,-2.330877483197554,86.34833326630846,94.98496780395507,5.0694569157383285,105.12388163543173,84.84605397247842,15.466634483629967,0.42455799355973767,2.185282438043853,91.36412048339844,88.88756416598854,91.55309725058153,88.88756416598854
2024-12-30,90.09103393554688,90.82703715159269,89.35502313129142,90.79720031135173,8404500.0,2024,12,30,89.40077667236328,90.58037414550782,94.98496780395507,26.8680372768016,-2.2979061599381225,86.35990699671568,94.39417457580566,4.906200193253065,104.20657496231179,84.58177418929954,15.36194753557582,-1.8102929290577552,2.2108577446119426,91.75201416015625,90.40930327545438,92.69688281541069,90.38940699046684
